{
  "name": "scala",
  "word": "identifier",
  "rules": {
    "compilation_unit": {
      "type": "REPEAT",
      "content": {
        "type": "SYMBOL",
        "name": "_definition"
      }
    },
    "_definition": {
      "type": "CHOICE",
      "members": [
        {
          "type": "SYMBOL",
          "name": "package_clause"
        },
        {
          "type": "SYMBOL",
          "name": "package_object"
        },
        {
          "type": "SYMBOL",
          "name": "class_definition"
        },
        {
          "type": "SYMBOL",
          "name": "import_declaration"
        },
        {
          "type": "SYMBOL",
          "name": "object_definition"
        },
        {
          "type": "SYMBOL",
          "name": "trait_definition"
        },
        {
          "type": "SYMBOL",
          "name": "val_definition"
        },
        {
          "type": "SYMBOL",
          "name": "val_declaration"
        },
        {
          "type": "SYMBOL",
          "name": "var_definition"
        },
        {
          "type": "SYMBOL",
          "name": "var_declaration"
        },
        {
          "type": "SYMBOL",
          "name": "type_definition"
        },
        {
          "type": "SYMBOL",
          "name": "function_definition"
        },
        {
          "type": "SYMBOL",
          "name": "function_declaration"
        }
      ]
    },
    "package_clause": {
      "type": "SEQ",
      "members": [
        {
          "type": "STRING",
          "value": "package"
        },
        {
          "type": "FIELD",
          "name": "name",
          "content": {
            "type": "SYMBOL",
            "name": "package_identifier"
          }
        },
        {
          "type": "FIELD",
          "name": "body",
          "content": {
            "type": "CHOICE",
            "members": [
              {
                "type": "SYMBOL",
                "name": "template_body"
              },
              {
                "type": "BLANK"
              }
            ]
          }
        }
      ]
    },
    "package_identifier": {
      "type": "SEQ",
      "members": [
        {
          "type": "SYMBOL",
          "name": "identifier"
        },
        {
          "type": "REPEAT",
          "content": {
            "type": "SEQ",
            "members": [
              {
                "type": "STRING",
                "value": "."
              },
              {
                "type": "SYMBOL",
                "name": "identifier"
              }
            ]
          }
        }
      ]
    },
    "package_object": {
      "type": "SEQ",
      "members": [
        {
          "type": "STRING",
          "value": "package"
        },
        {
          "type": "STRING",
          "value": "object"
        },
        {
          "type": "SYMBOL",
          "name": "_object_definition"
        }
      ]
    },
    "import_declaration": {
      "type": "SEQ",
      "members": [
        {
          "type": "STRING",
          "value": "import"
        },
        {
          "type": "SEQ",
          "members": [
            {
              "type": "SYMBOL",
              "name": "_import_expression"
            },
            {
              "type": "REPEAT",
              "content": {
                "type": "SEQ",
                "members": [
                  {
                    "type": "STRING",
                    "value": ","
                  },
                  {
                    "type": "SYMBOL",
                    "name": "_import_expression"
                  }
                ]
              }
            }
          ]
        }
      ]
    },
    "_import_expression": {
      "type": "SEQ",
      "members": [
        {
          "type": "FIELD",
          "name": "path",
          "content": {
            "type": "CHOICE",
            "members": [
              {
                "type": "SYMBOL",
                "name": "stable_identifier"
              },
              {
                "type": "SYMBOL",
                "name": "identifier"
              }
            ]
          }
        },
        {
          "type": "CHOICE",
          "members": [
            {
              "type": "SEQ",
              "members": [
                {
                  "type": "STRING",
                  "value": "."
                },
                {
                  "type": "CHOICE",
                  "members": [
                    {
                      "type": "SYMBOL",
                      "name": "wildcard"
                    },
                    {
                      "type": "SYMBOL",
                      "name": "import_selectors"
                    }
                  ]
                }
              ]
            },
            {
              "type": "BLANK"
            }
          ]
        }
      ]
    },
    "import_selectors": {
      "type": "SEQ",
      "members": [
        {
          "type": "STRING",
          "value": "{"
        },
        {
          "type": "SEQ",
          "members": [
            {
              "type": "CHOICE",
              "members": [
                {
                  "type": "SYMBOL",
                  "name": "identifier"
                },
                {
                  "type": "SYMBOL",
                  "name": "renamed_identifier"
                }
              ]
            },
            {
              "type": "REPEAT",
              "content": {
                "type": "SEQ",
                "members": [
                  {
                    "type": "STRING",
                    "value": ","
                  },
                  {
                    "type": "CHOICE",
                    "members": [
                      {
                        "type": "SYMBOL",
                        "name": "identifier"
                      },
                      {
                        "type": "SYMBOL",
                        "name": "renamed_identifier"
                      }
                    ]
                  }
                ]
              }
            }
          ]
        },
        {
          "type": "STRING",
          "value": "}"
        }
      ]
    },
    "renamed_identifier": {
      "type": "SEQ",
      "members": [
        {
          "type": "FIELD",
          "name": "name",
          "content": {
            "type": "SYMBOL",
            "name": "identifier"
          }
        },
        {
          "type": "STRING",
          "value": "=>"
        },
        {
          "type": "FIELD",
          "name": "alias",
          "content": {
            "type": "CHOICE",
            "members": [
              {
                "type": "SYMBOL",
                "name": "identifier"
              },
              {
                "type": "SYMBOL",
                "name": "wildcard"
              }
            ]
          }
        }
      ]
    },
    "object_definition": {
      "type": "SEQ",
      "members": [
        {
          "type": "REPEAT",
          "content": {
            "type": "SYMBOL",
            "name": "annotation"
          }
        },
        {
          "type": "CHOICE",
          "members": [
            {
              "type": "SYMBOL",
              "name": "modifiers"
            },
            {
              "type": "BLANK"
            }
          ]
        },
        {
          "type": "CHOICE",
          "members": [
            {
              "type": "STRING",
              "value": "case"
            },
            {
              "type": "BLANK"
            }
          ]
        },
        {
          "type": "STRING",
          "value": "object"
        },
        {
          "type": "SYMBOL",
          "name": "_object_definition"
        }
      ]
    },
    "_object_definition": {
      "type": "SEQ",
      "members": [
        {
          "type": "FIELD",
          "name": "name",
          "content": {
            "type": "SYMBOL",
            "name": "identifier"
          }
        },
        {
          "type": "FIELD",
          "name": "extend",
          "content": {
            "type": "CHOICE",
            "members": [
              {
                "type": "SYMBOL",
                "name": "extends_clause"
              },
              {
                "type": "BLANK"
              }
            ]
          }
        },
        {
          "type": "FIELD",
          "name": "body",
          "content": {
            "type": "CHOICE",
            "members": [
              {
                "type": "SYMBOL",
                "name": "template_body"
              },
              {
                "type": "BLANK"
              }
            ]
          }
        }
      ]
    },
    "class_definition": {
      "type": "SEQ",
      "members": [
        {
          "type": "REPEAT",
          "content": {
            "type": "SYMBOL",
            "name": "annotation"
          }
        },
        {
          "type": "CHOICE",
          "members": [
            {
              "type": "SYMBOL",
              "name": "modifiers"
            },
            {
              "type": "BLANK"
            }
          ]
        },
        {
          "type": "CHOICE",
          "members": [
            {
              "type": "STRING",
              "value": "case"
            },
            {
              "type": "BLANK"
            }
          ]
        },
        {
          "type": "STRING",
          "value": "class"
        },
        {
          "type": "FIELD",
          "name": "name",
          "content": {
            "type": "SYMBOL",
            "name": "identifier"
          }
        },
        {
          "type": "FIELD",
          "name": "type_parameters",
          "content": {
            "type": "CHOICE",
            "members": [
              {
                "type": "SYMBOL",
                "name": "type_parameters"
              },
              {
                "type": "BLANK"
              }
            ]
          }
        },
        {
          "type": "FIELD",
          "name": "class_parameters",
          "content": {
            "type": "REPEAT",
            "content": {
              "type": "SYMBOL",
              "name": "class_parameters"
            }
          }
        },
        {
          "type": "FIELD",
          "name": "extend",
          "content": {
            "type": "CHOICE",
            "members": [
              {
                "type": "SYMBOL",
                "name": "extends_clause"
              },
              {
                "type": "BLANK"
              }
            ]
          }
        },
        {
          "type": "FIELD",
          "name": "body",
          "content": {
            "type": "CHOICE",
            "members": [
              {
                "type": "SYMBOL",
                "name": "template_body"
              },
              {
                "type": "BLANK"
              }
            ]
          }
        }
      ]
    },
    "trait_definition": {
      "type": "SEQ",
      "members": [
        {
          "type": "STRING",
          "value": "trait"
        },
        {
          "type": "FIELD",
          "name": "name",
          "content": {
            "type": "SYMBOL",
            "name": "identifier"
          }
        },
        {
          "type": "FIELD",
          "name": "type_parameters",
          "content": {
            "type": "CHOICE",
            "members": [
              {
                "type": "SYMBOL",
                "name": "type_parameters"
              },
              {
                "type": "BLANK"
              }
            ]
          }
        },
        {
          "type": "FIELD",
          "name": "extend",
          "content": {
            "type": "CHOICE",
            "members": [
              {
                "type": "SYMBOL",
                "name": "extends_clause"
              },
              {
                "type": "BLANK"
              }
            ]
          }
        },
        {
          "type": "FIELD",
          "name": "body",
          "content": {
            "type": "CHOICE",
            "members": [
              {
                "type": "SYMBOL",
                "name": "template_body"
              },
              {
                "type": "BLANK"
              }
            ]
          }
        }
      ]
    },
    "type_parameters": {
      "type": "SEQ",
      "members": [
        {
          "type": "STRING",
          "value": "["
        },
        {
          "type": "SEQ",
          "members": [
            {
              "type": "SYMBOL",
              "name": "_variant_type_parameter"
            },
            {
              "type": "REPEAT",
              "content": {
                "type": "SEQ",
                "members": [
                  {
                    "type": "STRING",
                    "value": ","
                  },
                  {
                    "type": "SYMBOL",
                    "name": "_variant_type_parameter"
                  }
                ]
              }
            }
          ]
        },
        {
          "type": "STRING",
          "value": "]"
        }
      ]
    },
    "_variant_type_parameter": {
      "type": "SEQ",
      "members": [
        {
          "type": "REPEAT",
          "content": {
            "type": "SYMBOL",
            "name": "annotation"
          }
        },
        {
          "type": "CHOICE",
          "members": [
            {
              "type": "SYMBOL",
              "name": "covariant_type_parameter"
            },
            {
              "type": "SYMBOL",
              "name": "contravariant_type_parameter"
            },
            {
              "type": "SYMBOL",
              "name": "_type_parameter"
            }
          ]
        }
      ]
    },
    "covariant_type_parameter": {
      "type": "SEQ",
      "members": [
        {
          "type": "STRING",
          "value": "+"
        },
        {
          "type": "SYMBOL",
          "name": "_type_parameter"
        }
      ]
    },
    "contravariant_type_parameter": {
      "type": "SEQ",
      "members": [
        {
          "type": "STRING",
          "value": "-"
        },
        {
          "type": "SYMBOL",
          "name": "_type_parameter"
        }
      ]
    },
    "_type_parameter": {
      "type": "SEQ",
      "members": [
        {
          "type": "FIELD",
          "name": "name",
          "content": {
            "type": "CHOICE",
            "members": [
              {
                "type": "SYMBOL",
                "name": "wildcard"
              },
              {
                "type": "SYMBOL",
                "name": "identifier"
              }
            ]
          }
        },
        {
          "type": "FIELD",
          "name": "type_parameters",
          "content": {
            "type": "CHOICE",
            "members": [
              {
                "type": "SYMBOL",
                "name": "type_parameters"
              },
              {
                "type": "BLANK"
              }
            ]
          }
        },
        {
          "type": "FIELD",
          "name": "bound",
          "content": {
            "type": "CHOICE",
            "members": [
              {
                "type": "SYMBOL",
                "name": "upper_bound"
              },
              {
                "type": "BLANK"
              }
            ]
          }
        },
        {
          "type": "FIELD",
          "name": "bound",
          "content": {
            "type": "CHOICE",
            "members": [
              {
                "type": "SYMBOL",
                "name": "lower_bound"
              },
              {
                "type": "BLANK"
              }
            ]
          }
        },
        {
          "type": "FIELD",
          "name": "bound",
          "content": {
            "type": "CHOICE",
            "members": [
              {
                "type": "REPEAT",
                "content": {
                  "type": "SYMBOL",
                  "name": "view_bound"
                }
              },
              {
                "type": "BLANK"
              }
            ]
          }
        },
        {
          "type": "FIELD",
          "name": "bound",
          "content": {
            "type": "CHOICE",
            "members": [
              {
                "type": "REPEAT",
                "content": {
                  "type": "SYMBOL",
                  "name": "context_bound"
                }
              },
              {
                "type": "BLANK"
              }
            ]
          }
        }
      ]
    },
    "upper_bound": {
      "type": "SEQ",
      "members": [
        {
          "type": "STRING",
          "value": "<:"
        },
        {
          "type": "FIELD",
          "name": "type",
          "content": {
            "type": "SYMBOL",
            "name": "_type"
          }
        }
      ]
    },
    "lower_bound": {
      "type": "SEQ",
      "members": [
        {
          "type": "STRING",
          "value": ">:"
        },
        {
          "type": "FIELD",
          "name": "type",
          "content": {
            "type": "SYMBOL",
            "name": "_type"
          }
        }
      ]
    },
    "view_bound": {
      "type": "SEQ",
      "members": [
        {
          "type": "STRING",
          "value": "<%"
        },
        {
          "type": "FIELD",
          "name": "type",
          "content": {
            "type": "SYMBOL",
            "name": "_type"
          }
        }
      ]
    },
    "context_bound": {
      "type": "SEQ",
      "members": [
        {
          "type": "STRING",
          "value": ":"
        },
        {
          "type": "FIELD",
          "name": "type",
          "content": {
            "type": "SYMBOL",
            "name": "_type"
          }
        }
      ]
    },
    "template_body": {
      "type": "SEQ",
      "members": [
        {
          "type": "STRING",
          "value": "{"
        },
        {
          "type": "CHOICE",
          "members": [
            {
              "type": "SYMBOL",
              "name": "_block"
            },
            {
              "type": "BLANK"
            }
          ]
        },
        {
          "type": "STRING",
          "value": "}"
        }
      ]
    },
    "annotation": {
      "type": "PREC_RIGHT",
      "value": 0,
      "content": {
        "type": "SEQ",
        "members": [
          {
            "type": "STRING",
            "value": "@"
          },
          {
            "type": "FIELD",
            "name": "name",
            "content": {
              "type": "SYMBOL",
              "name": "_simple_type"
            }
          },
          {
            "type": "FIELD",
            "name": "arguments",
            "content": {
              "type": "REPEAT",
              "content": {
                "type": "SYMBOL",
                "name": "arguments"
              }
            }
          }
        ]
      }
    },
    "val_definition": {
      "type": "SEQ",
      "members": [
        {
          "type": "REPEAT",
          "content": {
            "type": "SYMBOL",
            "name": "annotation"
          }
        },
        {
          "type": "CHOICE",
          "members": [
            {
              "type": "SYMBOL",
              "name": "modifiers"
            },
            {
              "type": "BLANK"
            }
          ]
        },
        {
          "type": "STRING",
          "value": "val"
        },
        {
          "type": "FIELD",
          "name": "pattern",
          "content": {
            "type": "SYMBOL",
            "name": "_pattern"
          }
        },
        {
          "type": "CHOICE",
          "members": [
            {
              "type": "SEQ",
              "members": [
                {
                  "type": "STRING",
                  "value": ":"
                },
                {
                  "type": "FIELD",
                  "name": "type",
                  "content": {
                    "type": "SYMBOL",
                    "name": "_type"
                  }
                }
              ]
            },
            {
              "type": "BLANK"
            }
          ]
        },
        {
          "type": "STRING",
          "value": "="
        },
        {
          "type": "FIELD",
          "name": "value",
          "content": {
            "type": "SYMBOL",
            "name": "_expression"
          }
        }
      ]
    },
    "val_declaration": {
      "type": "SEQ",
      "members": [
        {
          "type": "REPEAT",
          "content": {
            "type": "SYMBOL",
            "name": "annotation"
          }
        },
        {
          "type": "CHOICE",
          "members": [
            {
              "type": "SYMBOL",
              "name": "modifiers"
            },
            {
              "type": "BLANK"
            }
          ]
        },
        {
          "type": "STRING",
          "value": "val"
        },
        {
          "type": "SEQ",
          "members": [
            {
              "type": "FIELD",
              "name": "name",
              "content": {
                "type": "SYMBOL",
                "name": "identifier"
              }
            },
            {
              "type": "REPEAT",
              "content": {
                "type": "SEQ",
                "members": [
                  {
                    "type": "STRING",
                    "value": ","
                  },
                  {
                    "type": "FIELD",
                    "name": "name",
                    "content": {
                      "type": "SYMBOL",
                      "name": "identifier"
                    }
                  }
                ]
              }
            }
          ]
        },
        {
          "type": "STRING",
          "value": ":"
        },
        {
          "type": "FIELD",
          "name": "type",
          "content": {
            "type": "SYMBOL",
            "name": "_type"
          }
        }
      ]
    },
    "var_declaration": {
      "type": "SEQ",
      "members": [
        {
          "type": "REPEAT",
          "content": {
            "type": "SYMBOL",
            "name": "annotation"
          }
        },
        {
          "type": "CHOICE",
          "members": [
            {
              "type": "SYMBOL",
              "name": "modifiers"
            },
            {
              "type": "BLANK"
            }
          ]
        },
        {
          "type": "STRING",
          "value": "var"
        },
        {
          "type": "SEQ",
          "members": [
            {
              "type": "FIELD",
              "name": "name",
              "content": {
                "type": "SYMBOL",
                "name": "identifier"
              }
            },
            {
              "type": "REPEAT",
              "content": {
                "type": "SEQ",
                "members": [
                  {
                    "type": "STRING",
                    "value": ","
                  },
                  {
                    "type": "FIELD",
                    "name": "name",
                    "content": {
                      "type": "SYMBOL",
                      "name": "identifier"
                    }
                  }
                ]
              }
            }
          ]
        },
        {
          "type": "STRING",
          "value": ":"
        },
        {
          "type": "FIELD",
          "name": "type",
          "content": {
            "type": "SYMBOL",
            "name": "_type"
          }
        }
      ]
    },
    "var_definition": {
      "type": "SEQ",
      "members": [
        {
          "type": "REPEAT",
          "content": {
            "type": "SYMBOL",
            "name": "annotation"
          }
        },
        {
          "type": "CHOICE",
          "members": [
            {
              "type": "SYMBOL",
              "name": "modifiers"
            },
            {
              "type": "BLANK"
            }
          ]
        },
        {
          "type": "STRING",
          "value": "var"
        },
        {
          "type": "FIELD",
          "name": "pattern",
          "content": {
            "type": "SYMBOL",
            "name": "_pattern"
          }
        },
        {
          "type": "CHOICE",
          "members": [
            {
              "type": "SEQ",
              "members": [
                {
                  "type": "STRING",
                  "value": ":"
                },
                {
                  "type": "FIELD",
                  "name": "type",
                  "content": {
                    "type": "SYMBOL",
                    "name": "_type"
                  }
                }
              ]
            },
            {
              "type": "BLANK"
            }
          ]
        },
        {
          "type": "STRING",
          "value": "="
        },
        {
          "type": "FIELD",
          "name": "value",
          "content": {
            "type": "SYMBOL",
            "name": "_expression"
          }
        }
      ]
    },
    "type_definition": {
      "type": "SEQ",
      "members": [
        {
          "type": "REPEAT",
          "content": {
            "type": "SYMBOL",
            "name": "annotation"
          }
        },
        {
          "type": "CHOICE",
          "members": [
            {
              "type": "SYMBOL",
              "name": "modifiers"
            },
            {
              "type": "BLANK"
            }
          ]
        },
        {
          "type": "STRING",
          "value": "type"
        },
        {
          "type": "FIELD",
          "name": "name",
          "content": {
            "type": "SYMBOL",
            "name": "_type_identifier"
          }
        },
        {
          "type": "FIELD",
          "name": "type_parameters",
          "content": {
            "type": "CHOICE",
            "members": [
              {
                "type": "SYMBOL",
                "name": "type_parameters"
              },
              {
                "type": "BLANK"
              }
            ]
          }
        },
        {
          "type": "STRING",
          "value": "="
        },
        {
          "type": "FIELD",
          "name": "type",
          "content": {
            "type": "SYMBOL",
            "name": "_type"
          }
        }
      ]
    },
    "function_definition": {
      "type": "SEQ",
      "members": [
        {
          "type": "REPEAT",
          "content": {
            "type": "SYMBOL",
            "name": "annotation"
          }
        },
        {
          "type": "CHOICE",
          "members": [
            {
              "type": "SYMBOL",
              "name": "modifiers"
            },
            {
              "type": "BLANK"
            }
          ]
        },
        {
          "type": "STRING",
          "value": "def"
        },
        {
          "type": "FIELD",
          "name": "name",
          "content": {
            "type": "SYMBOL",
            "name": "identifier"
          }
        },
        {
          "type": "FIELD",
          "name": "type_parameters",
          "content": {
            "type": "CHOICE",
            "members": [
              {
                "type": "SYMBOL",
                "name": "type_parameters"
              },
              {
                "type": "BLANK"
              }
            ]
          }
        },
        {
          "type": "FIELD",
          "name": "parameters",
          "content": {
            "type": "REPEAT",
            "content": {
              "type": "SYMBOL",
              "name": "parameters"
            }
          }
        },
        {
          "type": "CHOICE",
          "members": [
            {
              "type": "SEQ",
              "members": [
                {
                  "type": "STRING",
                  "value": ":"
                },
                {
                  "type": "FIELD",
                  "name": "return_type",
                  "content": {
                    "type": "SYMBOL",
                    "name": "_type"
                  }
                }
              ]
            },
            {
              "type": "BLANK"
            }
          ]
        },
        {
          "type": "CHOICE",
          "members": [
            {
              "type": "SEQ",
              "members": [
                {
                  "type": "STRING",
                  "value": "="
                },
                {
                  "type": "FIELD",
                  "name": "body",
                  "content": {
                    "type": "SYMBOL",
                    "name": "_expression"
                  }
                }
              ]
            },
            {
              "type": "FIELD",
              "name": "body",
              "content": {
                "type": "SYMBOL",
                "name": "block"
              }
            }
          ]
        }
      ]
    },
    "function_declaration": {
      "type": "SEQ",
      "members": [
        {
          "type": "REPEAT",
          "content": {
            "type": "SYMBOL",
            "name": "annotation"
          }
        },
        {
          "type": "CHOICE",
          "members": [
            {
              "type": "SYMBOL",
              "name": "modifiers"
            },
            {
              "type": "BLANK"
            }
          ]
        },
        {
          "type": "STRING",
          "value": "def"
        },
        {
          "type": "FIELD",
          "name": "name",
          "content": {
            "type": "SYMBOL",
            "name": "identifier"
          }
        },
        {
          "type": "FIELD",
          "name": "type_parameters",
          "content": {
            "type": "CHOICE",
            "members": [
              {
                "type": "SYMBOL",
                "name": "type_parameters"
              },
              {
                "type": "BLANK"
              }
            ]
          }
        },
        {
          "type": "FIELD",
          "name": "parameters",
          "content": {
            "type": "REPEAT",
            "content": {
              "type": "SYMBOL",
              "name": "parameters"
            }
          }
        },
        {
          "type": "CHOICE",
          "members": [
            {
              "type": "SEQ",
              "members": [
                {
                  "type": "STRING",
                  "value": ":"
                },
                {
                  "type": "FIELD",
                  "name": "return_type",
                  "content": {
                    "type": "SYMBOL",
                    "name": "_type"
                  }
                }
              ]
            },
            {
              "type": "BLANK"
            }
          ]
        }
      ]
    },
    "local_modifier": {
      "type": "CHOICE",
      "members": [
        {
          "type": "STRING",
          "value": "abstract"
        },
        {
          "type": "STRING",
          "value": "final"
        },
        {
          "type": "STRING",
          "value": "sealed"
        },
        {
          "type": "STRING",
          "value": "implicit"
        },
        {
          "type": "STRING",
          "value": "lazy"
        }
      ]
    },
    "access_modifier": {
      "type": "SEQ",
      "members": [
        {
          "type": "CHOICE",
          "members": [
            {
              "type": "STRING",
              "value": "private"
            },
            {
              "type": "STRING",
              "value": "protected"
            }
          ]
        },
        {
          "type": "CHOICE",
          "members": [
            {
              "type": "SYMBOL",
              "name": "access_qualifier"
            },
            {
              "type": "BLANK"
            }
          ]
        }
      ]
    },
    "access_qualifier": {
      "type": "SEQ",
      "members": [
        {
          "type": "STRING",
          "value": "["
        },
        {
          "type": "CHOICE",
          "members": [
            {
              "type": "SYMBOL",
              "name": "identifier"
            },
            {
              "type": "STRING",
              "value": "this"
            }
          ]
        },
        {
          "type": "STRING",
          "value": "]"
        }
      ]
    },
    "modifiers": {
      "type": "REPEAT1",
      "content": {
        "type": "CHOICE",
        "members": [
          {
            "type": "SYMBOL",
            "name": "local_modifier"
          },
          {
            "type": "SYMBOL",
            "name": "access_modifier"
          },
          {
            "type": "STRING",
            "value": "override"
          }
        ]
      }
    },
    "extends_clause": {
      "type": "SEQ",
      "members": [
        {
          "type": "STRING",
          "value": "extends"
        },
        {
          "type": "FIELD",
          "name": "type",
          "content": {
            "type": "SYMBOL",
            "name": "_type"
          }
        },
        {
          "type": "CHOICE",
          "members": [
            {
              "type": "SYMBOL",
              "name": "arguments"
            },
            {
              "type": "BLANK"
            }
          ]
        }
      ]
    },
    "class_parameters": {
      "type": "SEQ",
      "members": [
        {
          "type": "STRING",
          "value": "("
        },
        {
          "type": "CHOICE",
          "members": [
            {
              "type": "STRING",
              "value": "implicit"
            },
            {
              "type": "BLANK"
            }
          ]
        },
        {
          "type": "CHOICE",
          "members": [
            {
              "type": "SEQ",
              "members": [
                {
                  "type": "SYMBOL",
                  "name": "class_parameter"
                },
                {
                  "type": "REPEAT",
                  "content": {
                    "type": "SEQ",
                    "members": [
                      {
                        "type": "STRING",
                        "value": ","
                      },
                      {
                        "type": "SYMBOL",
                        "name": "class_parameter"
                      }
                    ]
                  }
                }
              ]
            },
            {
              "type": "BLANK"
            }
          ]
        },
        {
          "type": "STRING",
          "value": ")"
        }
      ]
    },
    "parameters": {
      "type": "SEQ",
      "members": [
        {
          "type": "STRING",
          "value": "("
        },
        {
          "type": "CHOICE",
          "members": [
            {
              "type": "STRING",
              "value": "implicit"
            },
            {
              "type": "BLANK"
            }
          ]
        },
        {
          "type": "CHOICE",
          "members": [
            {
              "type": "SEQ",
              "members": [
                {
                  "type": "SYMBOL",
                  "name": "parameter"
                },
                {
                  "type": "REPEAT",
                  "content": {
                    "type": "SEQ",
                    "members": [
                      {
                        "type": "STRING",
                        "value": ","
                      },
                      {
                        "type": "SYMBOL",
                        "name": "parameter"
                      }
                    ]
                  }
                }
              ]
            },
            {
              "type": "BLANK"
            }
          ]
        },
        {
          "type": "STRING",
          "value": ")"
        }
      ]
    },
    "class_parameter": {
      "type": "SEQ",
      "members": [
        {
          "type": "REPEAT",
          "content": {
            "type": "SYMBOL",
            "name": "annotation"
          }
        },
        {
          "type": "CHOICE",
          "members": [
            {
              "type": "CHOICE",
              "members": [
                {
                  "type": "STRING",
                  "value": "val"
                },
                {
                  "type": "STRING",
                  "value": "var"
                }
              ]
            },
            {
              "type": "BLANK"
            }
          ]
        },
        {
          "type": "FIELD",
          "name": "name",
          "content": {
            "type": "SYMBOL",
            "name": "identifier"
          }
        },
        {
          "type": "CHOICE",
          "members": [
            {
              "type": "SEQ",
              "members": [
                {
                  "type": "STRING",
                  "value": ":"
                },
                {
                  "type": "FIELD",
                  "name": "type",
                  "content": {
                    "type": "SYMBOL",
                    "name": "_type"
                  }
                }
              ]
            },
            {
              "type": "BLANK"
            }
          ]
        },
        {
          "type": "CHOICE",
          "members": [
            {
              "type": "SEQ",
              "members": [
                {
                  "type": "STRING",
                  "value": "="
                },
                {
                  "type": "FIELD",
                  "name": "default_value",
                  "content": {
                    "type": "SYMBOL",
                    "name": "_expression"
                  }
                }
              ]
            },
            {
              "type": "BLANK"
            }
          ]
        }
      ]
    },
    "parameter": {
      "type": "SEQ",
      "members": [
        {
          "type": "REPEAT",
          "content": {
            "type": "SYMBOL",
            "name": "annotation"
          }
        },
        {
          "type": "FIELD",
          "name": "name",
          "content": {
            "type": "SYMBOL",
            "name": "identifier"
          }
        },
        {
          "type": "CHOICE",
          "members": [
            {
              "type": "SEQ",
              "members": [
                {
                  "type": "STRING",
                  "value": ":"
                },
                {
                  "type": "FIELD",
                  "name": "type",
                  "content": {
                    "type": "SYMBOL",
                    "name": "_param_type"
                  }
                }
              ]
            },
            {
              "type": "BLANK"
            }
          ]
        },
        {
          "type": "CHOICE",
          "members": [
            {
              "type": "SEQ",
              "members": [
                {
                  "type": "STRING",
                  "value": "="
                },
                {
                  "type": "FIELD",
                  "name": "default_value",
                  "content": {
                    "type": "SYMBOL",
                    "name": "_expression"
                  }
                }
              ]
            },
            {
              "type": "BLANK"
            }
          ]
        }
      ]
    },
    "_block": {
      "type": "PREC_LEFT",
      "value": 0,
      "content": {
        "type": "SEQ",
        "members": [
          {
            "type": "SEQ",
            "members": [
              {
                "type": "CHOICE",
                "members": [
                  {
                    "type": "SYMBOL",
                    "name": "_expression"
                  },
                  {
                    "type": "SYMBOL",
                    "name": "_definition"
                  }
                ]
              },
              {
                "type": "REPEAT",
                "content": {
                  "type": "SEQ",
                  "members": [
                    {
                      "type": "SYMBOL",
                      "name": "_semicolon"
                    },
                    {
                      "type": "CHOICE",
                      "members": [
                        {
                          "type": "SYMBOL",
                          "name": "_expression"
                        },
                        {
                          "type": "SYMBOL",
                          "name": "_definition"
                        }
                      ]
                    }
                  ]
                }
              }
            ]
          },
          {
            "type": "CHOICE",
            "members": [
              {
                "type": "SYMBOL",
                "name": "_semicolon"
              },
              {
                "type": "BLANK"
              }
            ]
          }
        ]
      }
    },
    "block": {
      "type": "SEQ",
      "members": [
        {
          "type": "STRING",
          "value": "{"
        },
        {
          "type": "CHOICE",
          "members": [
            {
              "type": "SYMBOL",
              "name": "_block"
            },
            {
              "type": "BLANK"
            }
          ]
        },
        {
          "type": "STRING",
          "value": "}"
        }
      ]
    },
    "_type": {
      "type": "CHOICE",
      "members": [
        {
          "type": "SYMBOL",
          "name": "function_type"
        },
        {
          "type": "SYMBOL",
          "name": "compound_type"
        },
        {
          "type": "SYMBOL",
          "name": "infix_type"
        },
        {
          "type": "SYMBOL",
          "name": "_annotated_type"
        }
      ]
    },
    "_annotated_type": {
      "type": "PREC_RIGHT",
      "value": 0,
      "content": {
        "type": "SEQ",
        "members": [
          {
            "type": "SYMBOL",
            "name": "_simple_type"
          },
          {
            "type": "REPEAT",
            "content": {
              "type": "SYMBOL",
              "name": "annotation"
            }
          }
        ]
      }
    },
    "_simple_type": {
      "type": "CHOICE",
      "members": [
        {
          "type": "SYMBOL",
          "name": "generic_type"
        },
        {
          "type": "SYMBOL",
          "name": "projected_type"
        },
        {
          "type": "SYMBOL",
          "name": "tuple_type"
        },
        {
          "type": "SYMBOL",
          "name": "stable_type_identifier"
        },
        {
          "type": "SYMBOL",
          "name": "_type_identifier"
        }
      ]
    },
    "compound_type": {
      "type": "PREC",
      "value": 3,
      "content": {
        "type": "SEQ",
        "members": [
          {
            "type": "FIELD",
            "name": "base",
            "content": {
              "type": "SYMBOL",
              "name": "_annotated_type"
            }
          },
          {
            "type": "REPEAT1",
            "content": {
              "type": "SEQ",
              "members": [
                {
                  "type": "STRING",
                  "value": "with"
                },
                {
                  "type": "FIELD",
                  "name": "extra",
                  "content": {
                    "type": "SYMBOL",
                    "name": "_annotated_type"
                  }
                }
              ]
            }
          }
        ]
      }
    },
    "infix_type": {
      "type": "PREC_LEFT",
      "value": 2,
      "content": {
        "type": "SEQ",
        "members": [
          {
            "type": "FIELD",
            "name": "left",
            "content": {
              "type": "CHOICE",
              "members": [
                {
                  "type": "SYMBOL",
                  "name": "compound_type"
                },
                {
                  "type": "SYMBOL",
                  "name": "infix_type"
                },
                {
                  "type": "SYMBOL",
                  "name": "_annotated_type"
                }
              ]
            }
          },
          {
            "type": "FIELD",
            "name": "operator",
            "content": {
              "type": "SYMBOL",
              "name": "identifier"
            }
          },
          {
            "type": "FIELD",
            "name": "right",
            "content": {
              "type": "CHOICE",
              "members": [
                {
                  "type": "SYMBOL",
                  "name": "compound_type"
                },
                {
                  "type": "SYMBOL",
                  "name": "infix_type"
                },
                {
                  "type": "SYMBOL",
                  "name": "_annotated_type"
                }
              ]
            }
          }
        ]
      }
    },
    "tuple_type": {
      "type": "SEQ",
      "members": [
        {
          "type": "STRING",
          "value": "("
        },
        {
          "type": "SEQ",
          "members": [
            {
              "type": "SYMBOL",
              "name": "_type"
            },
            {
              "type": "REPEAT",
              "content": {
                "type": "SEQ",
                "members": [
                  {
                    "type": "STRING",
                    "value": ","
                  },
                  {
                    "type": "SYMBOL",
                    "name": "_type"
                  }
                ]
              }
            }
          ]
        },
        {
          "type": "STRING",
          "value": ")"
        }
      ]
    },
    "stable_type_identifier": {
      "type": "SEQ",
      "members": [
        {
          "type": "CHOICE",
          "members": [
            {
              "type": "SYMBOL",
              "name": "identifier"
            },
            {
              "type": "SYMBOL",
              "name": "stable_identifier"
            }
          ]
        },
        {
          "type": "STRING",
          "value": "."
        },
        {
          "type": "SYMBOL",
          "name": "_type_identifier"
        }
      ]
    },
    "stable_identifier": {
      "type": "SEQ",
      "members": [
        {
          "type": "CHOICE",
          "members": [
            {
              "type": "SYMBOL",
              "name": "identifier"
            },
            {
              "type": "SYMBOL",
              "name": "stable_identifier"
            }
          ]
        },
        {
          "type": "STRING",
          "value": "."
        },
        {
          "type": "SYMBOL",
          "name": "identifier"
        }
      ]
    },
    "generic_type": {
      "type": "SEQ",
      "members": [
        {
          "type": "FIELD",
          "name": "type",
          "content": {
            "type": "SYMBOL",
            "name": "_simple_type"
          }
        },
        {
          "type": "FIELD",
          "name": "type_arguments",
          "content": {
            "type": "SYMBOL",
            "name": "type_arguments"
          }
        }
      ]
    },
    "projected_type": {
      "type": "SEQ",
      "members": [
        {
          "type": "FIELD",
          "name": "type",
          "content": {
            "type": "SYMBOL",
            "name": "_simple_type"
          }
        },
        {
          "type": "STRING",
          "value": "#"
        },
        {
          "type": "FIELD",
          "name": "selector",
          "content": {
            "type": "SYMBOL",
            "name": "_type_identifier"
          }
        }
      ]
    },
    "function_type": {
      "type": "PREC_RIGHT",
      "value": 0,
      "content": {
        "type": "SEQ",
        "members": [
          {
            "type": "FIELD",
            "name": "parameter_types",
            "content": {
              "type": "SYMBOL",
              "name": "parameter_types"
            }
          },
          {
            "type": "STRING",
            "value": "=>"
          },
          {
            "type": "FIELD",
            "name": "return_type",
            "content": {
              "type": "SYMBOL",
              "name": "_type"
            }
          }
        ]
      }
    },
    "parameter_types": {
      "type": "PREC",
      "value": -1,
      "content": {
        "type": "CHOICE",
        "members": [
          {
            "type": "SYMBOL",
            "name": "_annotated_type"
          },
          {
            "type": "PREC_DYNAMIC",
            "value": 1,
            "content": {
              "type": "SEQ",
              "members": [
                {
                  "type": "STRING",
                  "value": "("
                },
                {
                  "type": "CHOICE",
                  "members": [
                    {
                      "type": "SEQ",
                      "members": [
                        {
                          "type": "SYMBOL",
                          "name": "_param_type"
                        },
                        {
                          "type": "REPEAT",
                          "content": {
                            "type": "SEQ",
                            "members": [
                              {
                                "type": "STRING",
                                "value": ","
                              },
                              {
                                "type": "SYMBOL",
                                "name": "_param_type"
                              }
                            ]
                          }
                        }
                      ]
                    },
                    {
                      "type": "BLANK"
                    }
                  ]
                },
                {
                  "type": "STRING",
                  "value": ")"
                }
              ]
            }
          },
          {
            "type": "SYMBOL",
            "name": "compound_type"
          },
          {
            "type": "SYMBOL",
            "name": "infix_type"
          }
        ]
      }
    },
    "_param_type": {
      "type": "CHOICE",
      "members": [
        {
          "type": "SYMBOL",
          "name": "_type"
        },
        {
          "type": "SYMBOL",
          "name": "lazy_parameter_type"
        },
        {
          "type": "SYMBOL",
          "name": "repeated_parameter_type"
        }
      ]
    },
    "lazy_parameter_type": {
      "type": "SEQ",
      "members": [
        {
          "type": "STRING",
          "value": "=>"
        },
        {
          "type": "FIELD",
          "name": "type",
          "content": {
            "type": "SYMBOL",
            "name": "_type"
          }
        }
      ]
    },
    "repeated_parameter_type": {
      "type": "SEQ",
      "members": [
        {
          "type": "FIELD",
          "name": "type",
          "content": {
            "type": "SYMBOL",
            "name": "_type"
          }
        },
        {
          "type": "STRING",
          "value": "*"
        }
      ]
    },
    "_type_identifier": {
      "type": "ALIAS",
      "content": {
        "type": "SYMBOL",
        "name": "identifier"
      },
      "named": true,
      "value": "type_identifier"
    },
    "_pattern": {
      "type": "CHOICE",
      "members": [
        {
          "type": "SYMBOL",
          "name": "identifier"
        },
        {
          "type": "SYMBOL",
          "name": "capture_pattern"
        },
        {
          "type": "SYMBOL",
          "name": "tuple_pattern"
        },
        {
          "type": "SYMBOL",
          "name": "case_class_pattern"
        },
        {
          "type": "SYMBOL",
          "name": "infix_pattern"
        },
        {
          "type": "SYMBOL",
          "name": "alternative_pattern"
        },
        {
          "type": "SYMBOL",
          "name": "typed_pattern"
        },
        {
          "type": "SYMBOL",
          "name": "number"
        },
        {
          "type": "SYMBOL",
          "name": "boolean_literal"
        },
        {
          "type": "SYMBOL",
          "name": "character_literal"
        },
        {
          "type": "SYMBOL",
          "name": "symbol_literal"
        },
        {
          "type": "SYMBOL",
          "name": "string"
        },
        {
          "type": "SYMBOL",
          "name": "wildcard"
        }
      ]
    },
    "case_class_pattern": {
      "type": "SEQ",
      "members": [
        {
          "type": "FIELD",
          "name": "type",
          "content": {
            "type": "CHOICE",
            "members": [
              {
                "type": "SYMBOL",
                "name": "_type_identifier"
              },
              {
                "type": "SYMBOL",
                "name": "stable_type_identifier"
              }
            ]
          }
        },
        {
          "type": "STRING",
          "value": "("
        },
        {
          "type": "FIELD",
          "name": "pattern",
          "content": {
            "type": "CHOICE",
            "members": [
              {
                "type": "SEQ",
                "members": [
                  {
                    "type": "SYMBOL",
                    "name": "_pattern"
                  },
                  {
                    "type": "REPEAT",
                    "content": {
                      "type": "SEQ",
                      "members": [
                        {
                          "type": "STRING",
                          "value": ","
                        },
                        {
                          "type": "SYMBOL",
                          "name": "_pattern"
                        }
                      ]
                    }
                  }
                ]
              },
              {
                "type": "BLANK"
              }
            ]
          }
        },
        {
          "type": "STRING",
          "value": ")"
        }
      ]
    },
    "infix_pattern": {
      "type": "PREC_LEFT",
      "value": 2,
      "content": {
        "type": "SEQ",
        "members": [
          {
            "type": "FIELD",
            "name": "left",
            "content": {
              "type": "SYMBOL",
              "name": "_pattern"
            }
          },
          {
            "type": "FIELD",
            "name": "operator",
            "content": {
              "type": "SYMBOL",
              "name": "identifier"
            }
          },
          {
            "type": "FIELD",
            "name": "right",
            "content": {
              "type": "SYMBOL",
              "name": "_pattern"
            }
          }
        ]
      }
    },
    "capture_pattern": {
      "type": "PREC",
      "value": 1,
      "content": {
        "type": "SEQ",
        "members": [
          {
            "type": "FIELD",
            "name": "name",
            "content": {
              "type": "SYMBOL",
              "name": "identifier"
            }
          },
          {
            "type": "STRING",
            "value": "@"
          },
          {
            "type": "FIELD",
            "name": "pattern",
            "content": {
              "type": "SYMBOL",
              "name": "_pattern"
            }
          }
        ]
      }
    },
    "typed_pattern": {
      "type": "PREC",
      "value": -1,
      "content": {
        "type": "SEQ",
        "members": [
          {
            "type": "FIELD",
            "name": "pattern",
            "content": {
              "type": "SYMBOL",
              "name": "_pattern"
            }
          },
          {
            "type": "STRING",
            "value": ":"
          },
          {
            "type": "FIELD",
            "name": "type",
            "content": {
              "type": "SYMBOL",
              "name": "_type"
            }
          }
        ]
      }
    },
    "alternative_pattern": {
      "type": "PREC_LEFT",
      "value": -2,
      "content": {
        "type": "SEQ",
        "members": [
          {
            "type": "SYMBOL",
            "name": "_pattern"
          },
          {
            "type": "STRING",
            "value": "|"
          },
          {
            "type": "SYMBOL",
            "name": "_pattern"
          }
        ]
      }
    },
    "tuple_pattern": {
      "type": "SEQ",
      "members": [
        {
          "type": "STRING",
          "value": "("
        },
        {
          "type": "SYMBOL",
          "name": "_pattern"
        },
        {
          "type": "REPEAT1",
          "content": {
            "type": "SEQ",
            "members": [
              {
                "type": "STRING",
                "value": ","
              },
              {
                "type": "SYMBOL",
                "name": "_pattern"
              }
            ]
          }
        },
        {
          "type": "STRING",
          "value": ")"
        }
      ]
    },
    "_expression": {
      "type": "CHOICE",
      "members": [
        {
          "type": "SYMBOL",
          "name": "if_expression"
        },
        {
          "type": "SYMBOL",
          "name": "match_expression"
        },
        {
          "type": "SYMBOL",
          "name": "try_expression"
        },
        {
          "type": "SYMBOL",
          "name": "for_expression"
        },
        {
          "type": "SYMBOL",
          "name": "call_expression"
        },
        {
          "type": "SYMBOL",
          "name": "generic_function"
        },
        {
          "type": "SYMBOL",
          "name": "assignment_expression"
        },
        {
          "type": "SYMBOL",
          "name": "infix_expression"
        },
        {
          "type": "SYMBOL",
          "name": "_simple_expression"
        }
      ]
    },
    "_simple_expression": {
      "type": "CHOICE",
      "members": [
        {
          "type": "SYMBOL",
          "name": "interpolated_string_expression"
        },
        {
          "type": "SYMBOL",
          "name": "parenthesized_expression"
        },
        {
          "type": "SYMBOL",
          "name": "field_expression"
        },
        {
          "type": "SYMBOL",
          "name": "instance_expression"
        },
        {
          "type": "SYMBOL",
          "name": "prefix_expression"
        },
        {
          "type": "SYMBOL",
          "name": "tuple_expression"
        },
        {
          "type": "SYMBOL",
          "name": "case_block"
        },
        {
          "type": "SYMBOL",
          "name": "block"
        },
        {
          "type": "SYMBOL",
          "name": "identifier"
        },
        {
          "type": "SYMBOL",
          "name": "number"
        },
        {
          "type": "SYMBOL",
          "name": "boolean_literal"
        },
        {
          "type": "SYMBOL",
          "name": "character_literal"
        },
        {
          "type": "SYMBOL",
          "name": "symbol_literal"
        },
        {
          "type": "SYMBOL",
          "name": "string"
        }
      ]
    },
    "if_expression": {
      "type": "PREC_RIGHT",
      "value": 0,
      "content": {
        "type": "SEQ",
        "members": [
          {
            "type": "STRING",
            "value": "if"
          },
          {
            "type": "FIELD",
            "name": "condition",
            "content": {
              "type": "SYMBOL",
              "name": "parenthesized_expression"
            }
          },
          {
            "type": "FIELD",
            "name": "consequence",
            "content": {
              "type": "SYMBOL",
              "name": "_expression"
            }
          },
          {
            "type": "CHOICE",
            "members": [
              {
                "type": "SEQ",
                "members": [
                  {
                    "type": "STRING",
                    "value": "else"
                  },
                  {
                    "type": "FIELD",
                    "name": "alternative",
                    "content": {
                      "type": "SYMBOL",
                      "name": "_expression"
                    }
                  }
                ]
              },
              {
                "type": "BLANK"
              }
            ]
          }
        ]
      }
    },
    "match_expression": {
      "type": "SEQ",
      "members": [
        {
          "type": "FIELD",
          "name": "value",
          "content": {
            "type": "SYMBOL",
            "name": "_expression"
          }
        },
        {
          "type": "STRING",
          "value": "match"
        },
        {
          "type": "FIELD",
          "name": "body",
          "content": {
            "type": "SYMBOL",
            "name": "case_block"
          }
        }
      ]
    },
    "try_expression": {
      "type": "PREC_RIGHT",
      "value": 0,
      "content": {
        "type": "SEQ",
        "members": [
          {
            "type": "STRING",
            "value": "try"
          },
          {
            "type": "FIELD",
            "name": "body",
            "content": {
              "type": "SYMBOL",
              "name": "_expression"
            }
          },
          {
            "type": "CHOICE",
            "members": [
              {
                "type": "SYMBOL",
                "name": "catch_clause"
              },
              {
                "type": "BLANK"
              }
            ]
          },
          {
            "type": "CHOICE",
            "members": [
              {
                "type": "SYMBOL",
                "name": "finally_clause"
              },
              {
                "type": "BLANK"
              }
            ]
          }
        ]
      }
    },
    "catch_clause": {
      "type": "PREC_RIGHT",
      "value": 0,
      "content": {
        "type": "SEQ",
        "members": [
          {
            "type": "STRING",
            "value": "catch"
          },
          {
            "type": "SYMBOL",
            "name": "case_block"
          }
        ]
      }
    },
    "finally_clause": {
      "type": "PREC_RIGHT",
      "value": 0,
      "content": {
        "type": "SEQ",
        "members": [
          {
            "type": "STRING",
            "value": "finally"
          },
          {
            "type": "SYMBOL",
            "name": "_expression"
          }
        ]
      }
    },
    "case_block": {
      "type": "CHOICE",
      "members": [
        {
          "type": "PREC",
          "value": -1,
          "content": {
            "type": "SEQ",
            "members": [
              {
                "type": "STRING",
                "value": "{"
              },
              {
                "type": "STRING",
                "value": "}"
              }
            ]
          }
        },
        {
          "type": "SEQ",
          "members": [
            {
              "type": "STRING",
              "value": "{"
            },
            {
              "type": "REPEAT1",
              "content": {
                "type": "SYMBOL",
                "name": "case_clause"
              }
            },
            {
              "type": "STRING",
              "value": "}"
            }
          ]
        }
      ]
    },
    "case_clause": {
      "type": "PREC_LEFT",
      "value": 0,
      "content": {
        "type": "SEQ",
        "members": [
          {
            "type": "STRING",
            "value": "case"
          },
          {
            "type": "FIELD",
            "name": "pattern",
            "content": {
              "type": "SYMBOL",
              "name": "_pattern"
            }
          },
          {
            "type": "CHOICE",
            "members": [
              {
                "type": "SYMBOL",
                "name": "guard"
              },
              {
                "type": "BLANK"
              }
            ]
          },
          {
            "type": "STRING",
            "value": "=>"
          },
          {
            "type": "FIELD",
            "name": "body",
            "content": {
              "type": "CHOICE",
              "members": [
                {
                  "type": "SYMBOL",
                  "name": "_block"
                },
                {
                  "type": "BLANK"
                }
              ]
            }
          }
        ]
      }
    },
    "guard": {
      "type": "SEQ",
      "members": [
        {
          "type": "STRING",
          "value": "if"
        },
        {
          "type": "FIELD",
          "name": "condition",
          "content": {
            "type": "SYMBOL",
            "name": "_expression"
          }
        }
      ]
    },
    "enumerators": {
      "type": "PREC_LEFT",
      "value": 0,
      "content": {
        "type": "SEQ",
        "members": [
          {
            "type": "SYMBOL",
            "name": "generator"
          },
          {
            "type": "REPEAT",
            "content": {
              "type": "SEQ",
              "members": [
                {
                  "type": "SYMBOL",
                  "name": "_semicolon"
                },
                {
                  "type": "SYMBOL",
                  "name": "generator"
                }
              ]
            }
          }
        ]
      }
    },
    "generator": {
      "type": "PREC_LEFT",
      "value": 0,
      "content": {
        "type": "SEQ",
        "members": [
          {
            "type": "SYMBOL",
            "name": "_pattern"
          },
          {
            "type": "STRING",
            "value": "<-"
          },
          {
            "type": "SYMBOL",
            "name": "_expression"
          },
          {
            "type": "REPEAT",
            "content": {
              "type": "CHOICE",
              "members": [
                {
                  "type": "SEQ",
                  "members": [
                    {
                      "type": "CHOICE",
                      "members": [
                        {
                          "type": "SYMBOL",
                          "name": "_semicolon"
                        },
                        {
                          "type": "BLANK"
                        }
                      ]
                    },
                    {
                      "type": "SYMBOL",
                      "name": "guard"
                    }
                  ]
                },
                {
                  "type": "SEQ",
                  "members": [
                    {
                      "type": "SYMBOL",
                      "name": "_semicolon"
                    },
                    {
                      "type": "SYMBOL",
                      "name": "_pattern"
                    },
                    {
                      "type": "STRING",
                      "value": "="
                    },
                    {
                      "type": "SYMBOL",
                      "name": "_expression"
                    }
                  ]
                }
              ]
            }
          }
        ]
      }
    },
    "for_expression": {
      "type": "PREC_LEFT",
      "value": 3,
      "content": {
        "type": "SEQ",
        "members": [
          {
            "type": "STRING",
            "value": "for"
          },
          {
            "type": "CHOICE",
            "members": [
              {
                "type": "SEQ",
                "members": [
                  {
                    "type": "STRING",
                    "value": "("
                  },
                  {
                    "type": "SYMBOL",
                    "name": "enumerators"
                  },
                  {
                    "type": "STRING",
                    "value": ")"
                  }
                ]
              },
              {
                "type": "SEQ",
                "members": [
                  {
                    "type": "STRING",
                    "value": "{"
                  },
                  {
                    "type": "SYMBOL",
                    "name": "enumerators"
                  },
                  {
                    "type": "CHOICE",
                    "members": [
                      {
                        "type": "SYMBOL",
                        "name": "_semicolon"
                      },
                      {
                        "type": "BLANK"
                      }
                    ]
                  },
                  {
                    "type": "STRING",
                    "value": "}"
                  }
                ]
              }
            ]
          },
          {
            "type": "REPEAT",
            "content": {
              "type": "STRING",
              "value": "\n"
            }
          },
          {
            "type": "CHOICE",
            "members": [
              {
                "type": "STRING",
                "value": "yield"
              },
              {
                "type": "BLANK"
              }
            ]
          },
          {
            "type": "SYMBOL",
            "name": "_expression"
          }
        ]
      }
    },
    "assignment_expression": {
      "type": "PREC_RIGHT",
      "value": 1,
      "content": {
        "type": "SEQ",
        "members": [
          {
            "type": "FIELD",
            "name": "left",
            "content": {
              "type": "SYMBOL",
              "name": "_expression"
            }
          },
          {
            "type": "STRING",
            "value": "="
          },
          {
            "type": "FIELD",
            "name": "right",
            "content": {
              "type": "SYMBOL",
              "name": "_expression"
            }
          }
        ]
      }
    },
    "generic_function": {
      "type": "PREC",
      "value": 4,
      "content": {
        "type": "SEQ",
        "members": [
          {
            "type": "FIELD",
            "name": "function",
            "content": {
              "type": "SYMBOL",
              "name": "_expression"
            }
          },
          {
            "type": "FIELD",
            "name": "type_arguments",
            "content": {
              "type": "SYMBOL",
              "name": "type_arguments"
            }
          }
        ]
      }
    },
    "call_expression": {
      "type": "PREC",
      "value": 4,
      "content": {
        "type": "SEQ",
        "members": [
          {
            "type": "FIELD",
            "name": "function",
            "content": {
              "type": "SYMBOL",
              "name": "_expression"
            }
          },
          {
            "type": "FIELD",
            "name": "arguments",
            "content": {
              "type": "SYMBOL",
              "name": "arguments"
            }
          },
          {
            "type": "FIELD",
            "name": "body",
            "content": {
              "type": "CHOICE",
              "members": [
                {
                  "type": "CHOICE",
                  "members": [
                    {
                      "type": "SYMBOL",
                      "name": "block"
                    },
                    {
                      "type": "SYMBOL",
                      "name": "case_block"
                    }
                  ]
                },
                {
                  "type": "BLANK"
                }
              ]
            }
          }
        ]
      }
    },
    "field_expression": {
      "type": "PREC",
      "value": 4,
      "content": {
        "type": "SEQ",
        "members": [
          {
            "type": "FIELD",
            "name": "value",
            "content": {
              "type": "SYMBOL",
              "name": "_expression"
            }
          },
          {
            "type": "STRING",
            "value": "."
          },
          {
            "type": "FIELD",
            "name": "field",
            "content": {
              "type": "SYMBOL",
              "name": "identifier"
            }
          }
        ]
      }
    },
    "instance_expression": {
      "type": "PREC",
      "value": 3,
      "content": {
        "type": "SEQ",
        "members": [
          {
            "type": "STRING",
            "value": "new"
          },
          {
            "type": "SYMBOL",
            "name": "_expression"
          }
        ]
      }
    },
    "infix_expression": {
      "type": "PREC_LEFT",
      "value": 2,
      "content": {
        "type": "SEQ",
        "members": [
          {
            "type": "FIELD",
            "name": "left",
            "content": {
              "type": "SYMBOL",
              "name": "_simple_expression"
            }
          },
          {
            "type": "FIELD",
            "name": "operator",
            "content": {
              "type": "SYMBOL",
              "name": "identifier"
            }
          },
          {
            "type": "FIELD",
            "name": "right",
            "content": {
              "type": "SYMBOL",
              "name": "_expression"
            }
          }
        ]
      }
    },
    "prefix_expression": {
      "type": "PREC",
      "value": 3,
      "content": {
        "type": "SEQ",
        "members": [
          {
            "type": "CHOICE",
            "members": [
              {
                "type": "STRING",
                "value": "+"
              },
              {
                "type": "STRING",
                "value": "-"
              },
              {
                "type": "STRING",
                "value": "!"
              },
              {
                "type": "STRING",
                "value": "~"
              }
            ]
          },
          {
            "type": "SYMBOL",
            "name": "_simple_expression"
          }
        ]
      }
    },
    "tuple_expression": {
      "type": "SEQ",
      "members": [
        {
          "type": "STRING",
          "value": "("
        },
        {
          "type": "SYMBOL",
          "name": "_expression"
        },
        {
          "type": "REPEAT1",
          "content": {
            "type": "SEQ",
            "members": [
              {
                "type": "STRING",
                "value": ","
              },
              {
                "type": "SYMBOL",
                "name": "_expression"
              }
            ]
          }
        },
        {
          "type": "STRING",
          "value": ")"
        }
      ]
    },
    "parenthesized_expression": {
      "type": "SEQ",
      "members": [
        {
          "type": "STRING",
          "value": "("
        },
        {
          "type": "SYMBOL",
          "name": "_expression"
        },
        {
          "type": "STRING",
          "value": ")"
        }
      ]
    },
    "type_arguments": {
      "type": "SEQ",
      "members": [
        {
          "type": "STRING",
          "value": "["
        },
        {
          "type": "SEQ",
          "members": [
            {
              "type": "SYMBOL",
              "name": "_type"
            },
            {
              "type": "REPEAT",
              "content": {
                "type": "SEQ",
                "members": [
                  {
                    "type": "STRING",
                    "value": ","
                  },
                  {
                    "type": "SYMBOL",
                    "name": "_type"
                  }
                ]
              }
            }
          ]
        },
        {
          "type": "STRING",
          "value": "]"
        }
      ]
    },
    "arguments": {
      "type": "SEQ",
      "members": [
        {
          "type": "STRING",
          "value": "("
        },
        {
          "type": "CHOICE",
          "members": [
            {
              "type": "SEQ",
              "members": [
                {
                  "type": "SYMBOL",
                  "name": "_expression"
                },
                {
                  "type": "REPEAT",
                  "content": {
                    "type": "SEQ",
                    "members": [
                      {
                        "type": "STRING",
                        "value": ","
                      },
                      {
                        "type": "SYMBOL",
                        "name": "_expression"
                      }
                    ]
                  }
                }
              ]
            },
            {
              "type": "BLANK"
            }
          ]
        },
        {
          "type": "STRING",
          "value": ")"
        }
      ]
    },
    "identifier": {
      "type": "PATTERN",
      "value": "([\\-!#%&*+/\\\\:<=>?@\\u005e\\u007c~]+|([\\p{Lu}\\p{Lt}\\p{Nl}\\p{Lo}\\p{Lm}\\$][\\p{Lu}\\p{Lt}\\p{Nl}\\p{Lo}\\p{Lm}\\$\\p{Ll}_\\u00AA\\u00BB\\u02B0-\\u02B8\\u02C0-\\u02C1\\u02E0-\\u02E4\\u037A\\u1D78\\u1D9B-\\u1DBF\\u2071\\u207F\\u2090-\\u209C\\u2C7C-\\u2C7D\\uA69C-\\uA69D\\uA770\\uA7F8-\\uA7F9\\uAB5C-\\uAB5F0-9]*(_[\\-!#%&*+/\\\\:<=>?@\\u005e\\u007c~]+)?|[\\p{Ll}_\\u00AA\\u00BB\\u02B0-\\u02B8\\u02C0-\\u02C1\\u02E0-\\u02E4\\u037A\\u1D78\\u1D9B-\\u1DBF\\u2071\\u207F\\u2090-\\u209C\\u2C7C-\\u2C7D\\uA69C-\\uA69D\\uA770\\uA7F8-\\uA7F9\\uAB5C-\\uAB5F_][\\p{Lu}\\p{Lt}\\p{Nl}\\p{Lo}\\p{Lm}\\$\\p{Ll}_\\u00AA\\u00BB\\u02B0-\\u02B8\\u02C0-\\u02C1\\u02E0-\\u02E4\\u037A\\u1D78\\u1D9B-\\u1DBF\\u2071\\u207F\\u2090-\\u209C\\u2C7C-\\u2C7D\\uA69C-\\uA69D\\uA770\\uA7F8-\\uA7F9\\uAB5C-\\uAB5F0-9]*(_[\\-!#%&*+/\\\\:<=>?@\\u005e\\u007c~]+)?|[\\-!#%&*+/\\\\:<=>?@\\u005e\\u007c~]+)|[`]([\\u0020-\\u005f\\u0061-\\u007f]|(\\\\u+[0-9a-fA-F][0-9a-fA-F][0-9a-fA-F][0-9a-fA-F]|\\\\[btnfr\"'\\\\]))*[`]|[\\p{Ll}_\\u00AA\\u00BB\\u02B0-\\u02B8\\u02C0-\\u02C1\\u02E0-\\u02E4\\u037A\\u1D78\\u1D9B-\\u1DBF\\u2071\\u207F\\u2090-\\u209C\\u2C7C-\\u2C7D\\uA69C-\\uA69D\\uA770\\uA7F8-\\uA7F9\\uAB5C-\\uAB5F_][\\p{Lu}\\p{Lt}\\p{Nl}\\p{Lo}\\p{Lm}\\$\\p{Ll}_\\u00AA\\u00BB\\u02B0-\\u02B8\\u02C0-\\u02C1\\u02E0-\\u02E4\\u037A\\u1D78\\u1D9B-\\u1DBF\\u2071\\u207F\\u2090-\\u209C\\u2C7C-\\u2C7D\\uA69C-\\uA69D\\uA770\\uA7F8-\\uA7F9\\uAB5C-\\uAB5F0-9]*(_[\\-!#%&*+/\\\\:<=>?@\\u005e\\u007c~]+)?|[`][\\p{Ll}_\\u00AA\\u00BB\\u02B0-\\u02B8\\u02C0-\\u02C1\\u02E0-\\u02E4\\u037A\\u1D78\\u1D9B-\\u1DBF\\u2071\\u207F\\u2090-\\u209C\\u2C7C-\\u2C7D\\uA69C-\\uA69D\\uA770\\uA7F8-\\uA7F9\\uAB5C-\\uAB5F_][\\p{Lu}\\p{Lt}\\p{Nl}\\p{Lo}\\p{Lm}\\$\\p{Ll}_\\u00AA\\u00BB\\u02B0-\\u02B8\\u02C0-\\u02C1\\u02E0-\\u02E4\\u037A\\u1D78\\u1D9B-\\u1DBF\\u2071\\u207F\\u2090-\\u209C\\u2C7C-\\u2C7D\\uA69C-\\uA69D\\uA770\\uA7F8-\\uA7F9\\uAB5C-\\uAB5F0-9]*(_[\\-!#%&*+/\\\\:<=>?@\\u005e\\u007c~]+)?[`])"
    },
    "wildcard": {
      "type": "STRING",
      "value": "_"
    },
    "number": {
      "type": "CHOICE",
      "members": [
        {
          "type": "PATTERN",
          "value": "-?([0-9]+|0[xX][0-9a-fA-F]+)[Ll]?"
        },
        {
          "type": "PATTERN",
          "value": "-?([0-9]+[.][0-9]+([Ee][+-]?[0-9]+)?[FfDd]?|[.][0-9]+([Ee][+-]?[0-9]+)?[FfDd]?|[0-9]+([Ee][+-]?[0-9]+)?[FfDd]|[0-9]+([Ee][+-]?[0-9]+)[FfDd]?)"
        }
      ]
    },
    "boolean_literal": {
      "type": "CHOICE",
      "members": [
        {
          "type": "STRING",
          "value": "true"
        },
        {
          "type": "STRING",
          "value": "false"
        }
      ]
    },
    "character_literal": {
      "type": "PATTERN",
      "value": "'([\\u0020-\\u0026\\u0028-\\u007f]|\\\\[btnfr\"'\\\\]|\\\\u+[0-9a-fA-F]{4})'"
    },
    "symbol_literal": {
      "type": "TOKEN",
      "content": {
        "type": "SEQ",
        "members": [
          {
            "type": "STRING",
            "value": "'"
          },
          {
            "type": "REPEAT1",
            "content": {
              "type": "PATTERN",
              "value": "[^\\\\'\\n]"
            }
          }
        ]
      }
    },
    "interpolated_string_expression": {
      "type": "SEQ",
      "members": [
        {
          "type": "SYMBOL",
          "name": "identifier"
        },
        {
          "type": "SYMBOL",
          "name": "interpolated_string"
        }
      ]
    },
    "_interpolated_string_start": {
      "type": "STRING",
      "value": "\""
    },
    "_interpolated_multiline_string_start": {
      "type": "STRING",
      "value": "\"\"\""
    },
    "interpolation": {
      "type": "SEQ",
      "members": [
        {
          "type": "STRING",
          "value": "$"
        },
        {
          "type": "CHOICE",
          "members": [
            {
              "type": "SYMBOL",
              "name": "identifier"
            },
            {
              "type": "SYMBOL",
              "name": "block"
            },
            {
              "type": "STRING",
              "value": "$"
            }
          ]
        }
      ]
    },
    "interpolated_string": {
      "type": "CHOICE",
      "members": [
        {
          "type": "SEQ",
          "members": [
            {
              "type": "SYMBOL",
              "name": "_interpolated_string_start"
            },
            {
              "type": "REPEAT",
              "content": {
                "type": "SEQ",
                "members": [
                  {
                    "type": "SYMBOL",
                    "name": "_interpolated_string_middle"
                  },
                  {
                    "type": "SYMBOL",
                    "name": "interpolation"
                  }
                ]
              }
            },
            {
              "type": "SYMBOL",
              "name": "_interpolated_string_end"
            }
          ]
        },
        {
          "type": "SEQ",
          "members": [
            {
              "type": "SYMBOL",
              "name": "_interpolated_multiline_string_start"
            },
            {
              "type": "REPEAT",
              "content": {
                "type": "SEQ",
                "members": [
                  {
                    "type": "SYMBOL",
                    "name": "_interpolated_multiline_string_middle"
                  },
                  {
                    "type": "SYMBOL",
                    "name": "interpolation"
                  }
                ]
              }
            },
            {
              "type": "SYMBOL",
              "name": "_interpolated_multiline_string_end"
            }
          ]
        }
      ]
    },
    "string": {
      "type": "CHOICE",
      "members": [
        {
          "type": "SYMBOL",
          "name": "_simple_string"
        },
        {
          "type": "SYMBOL",
          "name": "_simple_multiline_string"
        }
      ]
    },
    "_semicolon": {
      "type": "CHOICE",
      "members": [
        {
          "type": "STRING",
          "value": ";"
        },
        {
          "type": "SYMBOL",
          "name": "_automatic_semicolon"
        }
      ]
    },
    "comment": {
      "type": "TOKEN",
      "content": {
        "type": "CHOICE",
        "members": [
          {
            "type": "SEQ",
            "members": [
              {
                "type": "STRING",
                "value": "//"
              },
              {
                "type": "PATTERN",
                "value": ".*"
              }
            ]
          },
          {
            "type": "SEQ",
            "members": [
              {
                "type": "STRING",
                "value": "/*"
              },
              {
                "type": "PATTERN",
                "value": "[^*]*\\*+([^/*][^*]*\\*+)*"
              },
              {
                "type": "STRING",
                "value": "/"
              }
            ]
          }
        ]
      }
    }
  },
  "extras": [
    {
      "type": "PATTERN",
      "value": "\\s"
    },
    {
      "type": "SYMBOL",
      "name": "comment"
    }
  ],
  "conflicts": [
    [
      "tuple_type",
      "parameter_types"
    ]
  ],
  "precedences": [],
  "externals": [
    {
      "type": "SYMBOL",
      "name": "_automatic_semicolon"
    },
    {
      "type": "SYMBOL",
      "name": "_simple_string"
    },
    {
      "type": "SYMBOL",
      "name": "_simple_multiline_string"
    },
    {
      "type": "SYMBOL",
      "name": "_interpolated_string_middle"
    },
    {
      "type": "SYMBOL",
      "name": "_interpolated_string_end"
    },
    {
      "type": "SYMBOL",
      "name": "_interpolated_multiline_string_middle"
    },
    {
      "type": "SYMBOL",
      "name": "_interpolated_multiline_string_end"
    }
  ],
  "inline": [
    "_pattern",
    "_semicolon",
    "_definition",
    "_type_identifier",
    "_param_type"
  ],
  "supertypes": [
    "_expression",
    "_definition",
    "_pattern"
  ]
}

