[
  {
    "type": "_definition",
    "named": true,
    "subtypes": [
      {
        "type": "class_definition",
        "named": true
      },
      {
        "type": "function_declaration",
        "named": true
      },
      {
        "type": "function_definition",
        "named": true
      },
      {
        "type": "import_declaration",
        "named": true
      },
      {
        "type": "object_definition",
        "named": true
      },
      {
        "type": "package_clause",
        "named": true
      },
      {
        "type": "package_object",
        "named": true
      },
      {
        "type": "trait_definition",
        "named": true
      },
      {
        "type": "type_definition",
        "named": true
      },
      {
        "type": "val_declaration",
        "named": true
      },
      {
        "type": "val_definition",
        "named": true
      },
      {
        "type": "var_declaration",
        "named": true
      },
      {
        "type": "var_definition",
        "named": true
      }
    ]
  },
  {
    "type": "_expression",
    "named": true,
    "subtypes": [
      {
        "type": "assignment_expression",
        "named": true
      },
      {
        "type": "block",
        "named": true
      },
      {
        "type": "boolean_literal",
        "named": true
      },
      {
        "type": "call_expression",
        "named": true
      },
      {
        "type": "case_block",
        "named": true
      },
      {
        "type": "character_literal",
        "named": true
      },
      {
        "type": "field_expression",
        "named": true
      },
      {
        "type": "for_expression",
        "named": true
      },
      {
        "type": "generic_function",
        "named": true
      },
      {
        "type": "identifier",
        "named": true
      },
      {
        "type": "if_expression",
        "named": true
      },
      {
        "type": "infix_expression",
        "named": true
      },
      {
        "type": "instance_expression",
        "named": true
      },
      {
        "type": "interpolated_string_expression",
        "named": true
      },
      {
        "type": "match_expression",
        "named": true
      },
      {
        "type": "number",
        "named": true
      },
      {
        "type": "parenthesized_expression",
        "named": true
      },
      {
        "type": "prefix_expression",
        "named": true
      },
      {
        "type": "string",
        "named": true
      },
      {
        "type": "symbol_literal",
        "named": true
      },
      {
        "type": "try_expression",
        "named": true
      },
      {
        "type": "tuple_expression",
        "named": true
      }
    ]
  },
  {
    "type": "_pattern",
    "named": true,
    "subtypes": [
      {
        "type": "alternative_pattern",
        "named": true
      },
      {
        "type": "boolean_literal",
        "named": true
      },
      {
        "type": "capture_pattern",
        "named": true
      },
      {
        "type": "case_class_pattern",
        "named": true
      },
      {
        "type": "character_literal",
        "named": true
      },
      {
        "type": "identifier",
        "named": true
      },
      {
        "type": "infix_pattern",
        "named": true
      },
      {
        "type": "number",
        "named": true
      },
      {
        "type": "string",
        "named": true
      },
      {
        "type": "symbol_literal",
        "named": true
      },
      {
        "type": "tuple_pattern",
        "named": true
      },
      {
        "type": "typed_pattern",
        "named": true
      },
      {
        "type": "wildcard",
        "named": true
      }
    ]
  },
  {
    "type": "access_modifier",
    "named": true,
    "fields": {},
    "children": {
      "multiple": false,
      "required": false,
      "types": [
        {
          "type": "access_qualifier",
          "named": true
        }
      ]
    }
  },
  {
    "type": "access_qualifier",
    "named": true,
    "fields": {},
    "children": {
      "multiple": false,
      "required": false,
      "types": [
        {
          "type": "identifier",
          "named": true
        }
      ]
    }
  },
  {
    "type": "alternative_pattern",
    "named": true,
    "fields": {},
    "children": {
      "multiple": true,
      "required": true,
      "types": [
        {
          "type": "_pattern",
          "named": true
        }
      ]
    }
  },
  {
    "type": "annotation",
    "named": true,
    "fields": {
      "arguments": {
        "multiple": true,
        "required": false,
        "types": [
          {
            "type": "arguments",
            "named": true
          }
        ]
      },
      "name": {
        "multiple": false,
        "required": true,
        "types": [
          {
            "type": "generic_type",
            "named": true
          },
          {
            "type": "projected_type",
            "named": true
          },
          {
            "type": "stable_type_identifier",
            "named": true
          },
          {
            "type": "tuple_type",
            "named": true
          },
          {
            "type": "type_identifier",
            "named": true
          }
        ]
      }
    }
  },
  {
    "type": "arguments",
    "named": true,
    "fields": {},
    "children": {
      "multiple": true,
      "required": false,
      "types": [
        {
          "type": "_expression",
          "named": true
        }
      ]
    }
  },
  {
    "type": "assignment_expression",
    "named": true,
    "fields": {
      "left": {
        "multiple": false,
        "required": true,
        "types": [
          {
            "type": "_expression",
            "named": true
          }
        ]
      },
      "right": {
        "multiple": false,
        "required": true,
        "types": [
          {
            "type": "_expression",
            "named": true
          }
        ]
      }
    }
  },
  {
    "type": "block",
    "named": true,
    "fields": {},
    "children": {
      "multiple": true,
      "required": false,
      "types": [
        {
          "type": "_definition",
          "named": true
        },
        {
          "type": "_expression",
          "named": true
        }
      ]
    }
  },
  {
    "type": "boolean_literal",
    "named": true,
    "fields": {}
  },
  {
    "type": "call_expression",
    "named": true,
    "fields": {
      "arguments": {
        "multiple": false,
        "required": true,
        "types": [
          {
            "type": "arguments",
            "named": true
          }
        ]
      },
      "body": {
        "multiple": false,
        "required": false,
        "types": [
          {
            "type": "block",
            "named": true
          },
          {
            "type": "case_block",
            "named": true
          }
        ]
      },
      "function": {
        "multiple": false,
        "required": true,
        "types": [
          {
            "type": "_expression",
            "named": true
          }
        ]
      }
    }
  },
  {
    "type": "capture_pattern",
    "named": true,
    "fields": {
      "name": {
        "multiple": false,
        "required": true,
        "types": [
          {
            "type": "identifier",
            "named": true
          }
        ]
      },
      "pattern": {
        "multiple": false,
        "required": true,
        "types": [
          {
            "type": "_pattern",
            "named": true
          }
        ]
      }
    }
  },
  {
    "type": "case_block",
    "named": true,
    "fields": {},
    "children": {
      "multiple": true,
      "required": false,
      "types": [
        {
          "type": "case_clause",
          "named": true
        }
      ]
    }
  },
  {
    "type": "case_class_pattern",
    "named": true,
    "fields": {
      "pattern": {
        "multiple": true,
        "required": false,
        "types": [
          {
            "type": ",",
            "named": false
          },
          {
            "type": "_pattern",
            "named": true
          }
        ]
      },
      "type": {
        "multiple": false,
        "required": true,
        "types": [
          {
            "type": "stable_type_identifier",
            "named": true
          },
          {
            "type": "type_identifier",
            "named": true
          }
        ]
      }
    }
  },
  {
    "type": "case_clause",
    "named": true,
    "fields": {
      "body": {
        "multiple": true,
        "required": false,
        "types": [
          {
            "type": ";",
            "named": false
          },
          {
            "type": "_definition",
            "named": true
          },
          {
            "type": "_expression",
            "named": true
          }
        ]
      },
      "pattern": {
        "multiple": false,
        "required": true,
        "types": [
          {
            "type": "_pattern",
            "named": true
          }
        ]
      }
    },
    "children": {
      "multiple": false,
      "required": false,
      "types": [
        {
          "type": "guard",
          "named": true
        }
      ]
    }
  },
  {
    "type": "catch_clause",
    "named": true,
    "fields": {},
    "children": {
      "multiple": false,
      "required": true,
      "types": [
        {
          "type": "case_block",
          "named": true
        }
      ]
    }
  },
  {
    "type": "class_definition",
    "named": true,
    "fields": {
      "body": {
        "multiple": false,
        "required": false,
        "types": [
          {
            "type": "template_body",
            "named": true
          }
        ]
      },
      "class_parameters": {
        "multiple": true,
        "required": false,
        "types": [
          {
            "type": "class_parameters",
            "named": true
          }
        ]
      },
      "extend": {
        "multiple": false,
        "required": false,
        "types": [
          {
            "type": "extends_clause",
            "named": true
          }
        ]
      },
      "name": {
        "multiple": false,
        "required": true,
        "types": [
          {
            "type": "identifier",
            "named": true
          }
        ]
      },
      "type_parameters": {
        "multiple": false,
        "required": false,
        "types": [
          {
            "type": "type_parameters",
            "named": true
          }
        ]
      }
    },
    "children": {
      "multiple": true,
      "required": false,
      "types": [
        {
          "type": "annotation",
          "named": true
        },
        {
          "type": "modifiers",
          "named": true
        }
      ]
    }
  },
  {
    "type": "class_parameter",
    "named": true,
    "fields": {
      "default_value": {
        "multiple": false,
        "required": false,
        "types": [
          {
            "type": "_expression",
            "named": true
          }
        ]
      },
      "name": {
        "multiple": false,
        "required": true,
        "types": [
          {
            "type": "identifier",
            "named": true
          }
        ]
      },
      "type": {
        "multiple": true,
        "required": false,
        "types": [
          {
            "type": "annotation",
            "named": true
          },
          {
            "type": "compound_type",
            "named": true
          },
          {
            "type": "function_type",
            "named": true
          },
          {
            "type": "generic_type",
            "named": true
          },
          {
            "type": "infix_type",
            "named": true
          },
          {
            "type": "projected_type",
            "named": true
          },
          {
            "type": "stable_type_identifier",
            "named": true
          },
          {
            "type": "tuple_type",
            "named": true
          },
          {
            "type": "type_identifier",
            "named": true
          }
        ]
      }
    },
    "children": {
      "multiple": true,
      "required": false,
      "types": [
        {
          "type": "annotation",
          "named": true
        }
      ]
    }
  },
  {
    "type": "class_parameters",
    "named": true,
    "fields": {},
    "children": {
      "multiple": true,
      "required": false,
      "types": [
        {
          "type": "class_parameter",
          "named": true
        }
      ]
    }
  },
  {
    "type": "compilation_unit",
    "named": true,
    "fields": {},
    "children": {
      "multiple": true,
      "required": false,
      "types": [
        {
          "type": "_definition",
          "named": true
        }
      ]
    }
  },
  {
    "type": "compound_type",
    "named": true,
    "fields": {
      "base": {
        "multiple": true,
        "required": true,
        "types": [
          {
            "type": "annotation",
            "named": true
          },
          {
            "type": "generic_type",
            "named": true
          },
          {
            "type": "projected_type",
            "named": true
          },
          {
            "type": "stable_type_identifier",
            "named": true
          },
          {
            "type": "tuple_type",
            "named": true
          },
          {
            "type": "type_identifier",
            "named": true
          }
        ]
      },
      "extra": {
        "multiple": true,
        "required": true,
        "types": [
          {
            "type": "annotation",
            "named": true
          },
          {
            "type": "generic_type",
            "named": true
          },
          {
            "type": "projected_type",
            "named": true
          },
          {
            "type": "stable_type_identifier",
            "named": true
          },
          {
            "type": "tuple_type",
            "named": true
          },
          {
            "type": "type_identifier",
            "named": true
          }
        ]
      }
    }
  },
  {
    "type": "context_bound",
    "named": true,
    "fields": {
      "type": {
        "multiple": true,
        "required": true,
        "types": [
          {
            "type": "annotation",
            "named": true
          },
          {
            "type": "compound_type",
            "named": true
          },
          {
            "type": "function_type",
            "named": true
          },
          {
            "type": "generic_type",
            "named": true
          },
          {
            "type": "infix_type",
            "named": true
          },
          {
            "type": "projected_type",
            "named": true
          },
          {
            "type": "stable_type_identifier",
            "named": true
          },
          {
            "type": "tuple_type",
            "named": true
          },
          {
            "type": "type_identifier",
            "named": true
          }
        ]
      }
    }
  },
  {
    "type": "contravariant_type_parameter",
    "named": true,
    "fields": {
      "bound": {
        "multiple": true,
        "required": false,
        "types": [
          {
            "type": "context_bound",
            "named": true
          },
          {
            "type": "lower_bound",
            "named": true
          },
          {
            "type": "upper_bound",
            "named": true
          },
          {
            "type": "view_bound",
            "named": true
          }
        ]
      },
      "name": {
        "multiple": false,
        "required": true,
        "types": [
          {
            "type": "identifier",
            "named": true
          },
          {
            "type": "wildcard",
            "named": true
          }
        ]
      },
      "type_parameters": {
        "multiple": false,
        "required": false,
        "types": [
          {
            "type": "type_parameters",
            "named": true
          }
        ]
      }
    }
  },
  {
    "type": "covariant_type_parameter",
    "named": true,
    "fields": {
      "bound": {
        "multiple": true,
        "required": false,
        "types": [
          {
            "type": "context_bound",
            "named": true
          },
          {
            "type": "lower_bound",
            "named": true
          },
          {
            "type": "upper_bound",
            "named": true
          },
          {
            "type": "view_bound",
            "named": true
          }
        ]
      },
      "name": {
        "multiple": false,
        "required": true,
        "types": [
          {
            "type": "identifier",
            "named": true
          },
          {
            "type": "wildcard",
            "named": true
          }
        ]
      },
      "type_parameters": {
        "multiple": false,
        "required": false,
        "types": [
          {
            "type": "type_parameters",
            "named": true
          }
        ]
      }
    }
  },
  {
    "type": "enumerators",
    "named": true,
    "fields": {},
    "children": {
      "multiple": true,
      "required": true,
      "types": [
        {
          "type": "generator",
          "named": true
        }
      ]
    }
  },
  {
    "type": "extends_clause",
    "named": true,
    "fields": {
      "type": {
        "multiple": true,
        "required": true,
        "types": [
          {
            "type": "annotation",
            "named": true
          },
          {
            "type": "compound_type",
            "named": true
          },
          {
            "type": "function_type",
            "named": true
          },
          {
            "type": "generic_type",
            "named": true
          },
          {
            "type": "infix_type",
            "named": true
          },
          {
            "type": "projected_type",
            "named": true
          },
          {
            "type": "stable_type_identifier",
            "named": true
          },
          {
            "type": "tuple_type",
            "named": true
          },
          {
            "type": "type_identifier",
            "named": true
          }
        ]
      }
    },
    "children": {
      "multiple": false,
      "required": false,
      "types": [
        {
          "type": "arguments",
          "named": true
        }
      ]
    }
  },
  {
    "type": "field_expression",
    "named": true,
    "fields": {
      "field": {
        "multiple": false,
        "required": true,
        "types": [
          {
            "type": "identifier",
            "named": true
          }
        ]
      },
      "value": {
        "multiple": false,
        "required": true,
        "types": [
          {
            "type": "_expression",
            "named": true
          }
        ]
      }
    }
  },
  {
    "type": "finally_clause",
    "named": true,
    "fields": {},
    "children": {
      "multiple": false,
      "required": true,
      "types": [
        {
          "type": "_expression",
          "named": true
        }
      ]
    }
  },
  {
    "type": "for_expression",
    "named": true,
    "fields": {},
    "children": {
      "multiple": true,
      "required": true,
      "types": [
        {
          "type": "_expression",
          "named": true
        },
        {
          "type": "enumerators",
          "named": true
        }
      ]
    }
  },
  {
    "type": "function_declaration",
    "named": true,
    "fields": {
      "name": {
        "multiple": false,
        "required": true,
        "types": [
          {
            "type": "identifier",
            "named": true
          }
        ]
      },
      "parameters": {
        "multiple": true,
        "required": false,
        "types": [
          {
            "type": "parameters",
            "named": true
          }
        ]
      },
      "return_type": {
        "multiple": true,
        "required": false,
        "types": [
          {
            "type": "annotation",
            "named": true
          },
          {
            "type": "compound_type",
            "named": true
          },
          {
            "type": "function_type",
            "named": true
          },
          {
            "type": "generic_type",
            "named": true
          },
          {
            "type": "infix_type",
            "named": true
          },
          {
            "type": "projected_type",
            "named": true
          },
          {
            "type": "stable_type_identifier",
            "named": true
          },
          {
            "type": "tuple_type",
            "named": true
          },
          {
            "type": "type_identifier",
            "named": true
          }
        ]
      },
      "type_parameters": {
        "multiple": false,
        "required": false,
        "types": [
          {
            "type": "type_parameters",
            "named": true
          }
        ]
      }
    },
    "children": {
      "multiple": true,
      "required": false,
      "types": [
        {
          "type": "annotation",
          "named": true
        },
        {
          "type": "modifiers",
          "named": true
        }
      ]
    }
  },
  {
    "type": "function_definition",
    "named": true,
    "fields": {
      "body": {
        "multiple": false,
        "required": true,
        "types": [
          {
            "type": "_expression",
            "named": true
          }
        ]
      },
      "name": {
        "multiple": false,
        "required": true,
        "types": [
          {
            "type": "identifier",
            "named": true
          }
        ]
      },
      "parameters": {
        "multiple": true,
        "required": false,
        "types": [
          {
            "type": "parameters",
            "named": true
          }
        ]
      },
      "return_type": {
        "multiple": true,
        "required": false,
        "types": [
          {
            "type": "annotation",
            "named": true
          },
          {
            "type": "compound_type",
            "named": true
          },
          {
            "type": "function_type",
            "named": true
          },
          {
            "type": "generic_type",
            "named": true
          },
          {
            "type": "infix_type",
            "named": true
          },
          {
            "type": "projected_type",
            "named": true
          },
          {
            "type": "stable_type_identifier",
            "named": true
          },
          {
            "type": "tuple_type",
            "named": true
          },
          {
            "type": "type_identifier",
            "named": true
          }
        ]
      },
      "type_parameters": {
        "multiple": false,
        "required": false,
        "types": [
          {
            "type": "type_parameters",
            "named": true
          }
        ]
      }
    },
    "children": {
      "multiple": true,
      "required": false,
      "types": [
        {
          "type": "annotation",
          "named": true
        },
        {
          "type": "modifiers",
          "named": true
        }
      ]
    }
  },
  {
    "type": "function_type",
    "named": true,
    "fields": {
      "parameter_types": {
        "multiple": false,
        "required": true,
        "types": [
          {
            "type": "parameter_types",
            "named": true
          }
        ]
      },
      "return_type": {
        "multiple": true,
        "required": true,
        "types": [
          {
            "type": "annotation",
            "named": true
          },
          {
            "type": "compound_type",
            "named": true
          },
          {
            "type": "function_type",
            "named": true
          },
          {
            "type": "generic_type",
            "named": true
          },
          {
            "type": "infix_type",
            "named": true
          },
          {
            "type": "projected_type",
            "named": true
          },
          {
            "type": "stable_type_identifier",
            "named": true
          },
          {
            "type": "tuple_type",
            "named": true
          },
          {
            "type": "type_identifier",
            "named": true
          }
        ]
      }
    }
  },
  {
    "type": "generator",
    "named": true,
    "fields": {},
    "children": {
      "multiple": true,
      "required": true,
      "types": [
        {
          "type": "_expression",
          "named": true
        },
        {
          "type": "_pattern",
          "named": true
        },
        {
          "type": "guard",
          "named": true
        }
      ]
    }
  },
  {
    "type": "generic_function",
    "named": true,
    "fields": {
      "function": {
        "multiple": false,
        "required": true,
        "types": [
          {
            "type": "_expression",
            "named": true
          }
        ]
      },
      "type_arguments": {
        "multiple": false,
        "required": true,
        "types": [
          {
            "type": "type_arguments",
            "named": true
          }
        ]
      }
    }
  },
  {
    "type": "generic_type",
    "named": true,
    "fields": {
      "type": {
        "multiple": false,
        "required": true,
        "types": [
          {
            "type": "generic_type",
            "named": true
          },
          {
            "type": "projected_type",
            "named": true
          },
          {
            "type": "stable_type_identifier",
            "named": true
          },
          {
            "type": "tuple_type",
            "named": true
          },
          {
            "type": "type_identifier",
            "named": true
          }
        ]
      },
      "type_arguments": {
        "multiple": false,
        "required": true,
        "types": [
          {
            "type": "type_arguments",
            "named": true
          }
        ]
      }
    }
  },
  {
    "type": "guard",
    "named": true,
    "fields": {
      "condition": {
        "multiple": false,
        "required": true,
        "types": [
          {
            "type": "_expression",
            "named": true
          }
        ]
      }
    }
  },
  {
    "type": "if_expression",
    "named": true,
    "fields": {
      "alternative": {
        "multiple": false,
        "required": false,
        "types": [
          {
            "type": "_expression",
            "named": true
          }
        ]
      },
      "condition": {
        "multiple": false,
        "required": true,
        "types": [
          {
            "type": "parenthesized_expression",
            "named": true
          }
        ]
      },
      "consequence": {
        "multiple": false,
        "required": true,
        "types": [
          {
            "type": "_expression",
            "named": true
          }
        ]
      }
    }
  },
  {
    "type": "import_declaration",
    "named": true,
    "fields": {
      "path": {
        "multiple": true,
        "required": true,
        "types": [
          {
            "type": "identifier",
            "named": true
          },
          {
            "type": "stable_identifier",
            "named": true
          }
        ]
      }
    },
    "children": {
      "multiple": true,
      "required": false,
      "types": [
        {
          "type": "import_selectors",
          "named": true
        },
        {
          "type": "wildcard",
          "named": true
        }
      ]
    }
  },
  {
    "type": "import_selectors",
    "named": true,
    "fields": {},
    "children": {
      "multiple": true,
      "required": true,
      "types": [
        {
          "type": "identifier",
          "named": true
        },
        {
          "type": "renamed_identifier",
          "named": true
        }
      ]
    }
  },
  {
    "type": "infix_expression",
    "named": true,
    "fields": {
      "left": {
        "multiple": false,
        "required": true,
        "types": [
          {
            "type": "block",
            "named": true
          },
          {
            "type": "boolean_literal",
            "named": true
          },
          {
            "type": "case_block",
            "named": true
          },
          {
            "type": "character_literal",
            "named": true
          },
          {
            "type": "field_expression",
            "named": true
          },
          {
            "type": "identifier",
            "named": true
          },
          {
            "type": "instance_expression",
            "named": true
          },
          {
            "type": "interpolated_string_expression",
            "named": true
          },
          {
            "type": "number",
            "named": true
          },
          {
            "type": "parenthesized_expression",
            "named": true
          },
          {
            "type": "prefix_expression",
            "named": true
          },
          {
            "type": "string",
            "named": true
          },
          {
            "type": "symbol_literal",
            "named": true
          },
          {
            "type": "tuple_expression",
            "named": true
          }
        ]
      },
      "operator": {
        "multiple": false,
        "required": true,
        "types": [
          {
            "type": "identifier",
            "named": true
          }
        ]
      },
      "right": {
        "multiple": false,
        "required": true,
        "types": [
          {
            "type": "_expression",
            "named": true
          }
        ]
      }
    }
  },
  {
    "type": "infix_pattern",
    "named": true,
    "fields": {
      "left": {
        "multiple": false,
        "required": true,
        "types": [
          {
            "type": "_pattern",
            "named": true
          }
        ]
      },
      "operator": {
        "multiple": false,
        "required": true,
        "types": [
          {
            "type": "identifier",
            "named": true
          }
        ]
      },
      "right": {
        "multiple": false,
        "required": true,
        "types": [
          {
            "type": "_pattern",
            "named": true
          }
        ]
      }
    }
  },
  {
    "type": "infix_type",
    "named": true,
    "fields": {
      "left": {
        "multiple": true,
        "required": true,
        "types": [
          {
            "type": "annotation",
            "named": true
          },
          {
            "type": "compound_type",
            "named": true
          },
          {
            "type": "generic_type",
            "named": true
          },
          {
            "type": "infix_type",
            "named": true
          },
          {
            "type": "projected_type",
            "named": true
          },
          {
            "type": "stable_type_identifier",
            "named": true
          },
          {
            "type": "tuple_type",
            "named": true
          },
          {
            "type": "type_identifier",
            "named": true
          }
        ]
      },
      "operator": {
        "multiple": false,
        "required": true,
        "types": [
          {
            "type": "identifier",
            "named": true
          }
        ]
      },
      "right": {
        "multiple": true,
        "required": true,
        "types": [
          {
            "type": "annotation",
            "named": true
          },
          {
            "type": "compound_type",
            "named": true
          },
          {
            "type": "generic_type",
            "named": true
          },
          {
            "type": "infix_type",
            "named": true
          },
          {
            "type": "projected_type",
            "named": true
          },
          {
            "type": "stable_type_identifier",
            "named": true
          },
          {
            "type": "tuple_type",
            "named": true
          },
          {
            "type": "type_identifier",
            "named": true
          }
        ]
      }
    }
  },
  {
    "type": "instance_expression",
    "named": true,
    "fields": {},
    "children": {
      "multiple": false,
      "required": true,
      "types": [
        {
          "type": "_expression",
          "named": true
        }
      ]
    }
  },
  {
    "type": "interpolated_string",
    "named": true,
    "fields": {},
    "children": {
      "multiple": true,
      "required": false,
      "types": [
        {
          "type": "interpolation",
          "named": true
        }
      ]
    }
  },
  {
    "type": "interpolated_string_expression",
    "named": true,
    "fields": {},
    "children": {
      "multiple": true,
      "required": true,
      "types": [
        {
          "type": "identifier",
          "named": true
        },
        {
          "type": "interpolated_string",
          "named": true
        }
      ]
    }
  },
  {
    "type": "interpolation",
    "named": true,
    "fields": {},
    "children": {
      "multiple": false,
      "required": false,
      "types": [
        {
          "type": "block",
          "named": true
        },
        {
          "type": "identifier",
          "named": true
        }
      ]
    }
  },
  {
    "type": "lazy_parameter_type",
    "named": true,
    "fields": {
      "type": {
        "multiple": true,
        "required": true,
        "types": [
          {
            "type": "annotation",
            "named": true
          },
          {
            "type": "compound_type",
            "named": true
          },
          {
            "type": "function_type",
            "named": true
          },
          {
            "type": "generic_type",
            "named": true
          },
          {
            "type": "infix_type",
            "named": true
          },
          {
            "type": "projected_type",
            "named": true
          },
          {
            "type": "stable_type_identifier",
            "named": true
          },
          {
            "type": "tuple_type",
            "named": true
          },
          {
            "type": "type_identifier",
            "named": true
          }
        ]
      }
    }
  },
  {
    "type": "local_modifier",
    "named": true,
    "fields": {}
  },
  {
    "type": "lower_bound",
    "named": true,
    "fields": {
      "type": {
        "multiple": true,
        "required": true,
        "types": [
          {
            "type": "annotation",
            "named": true
          },
          {
            "type": "compound_type",
            "named": true
          },
          {
            "type": "function_type",
            "named": true
          },
          {
            "type": "generic_type",
            "named": true
          },
          {
            "type": "infix_type",
            "named": true
          },
          {
            "type": "projected_type",
            "named": true
          },
          {
            "type": "stable_type_identifier",
            "named": true
          },
          {
            "type": "tuple_type",
            "named": true
          },
          {
            "type": "type_identifier",
            "named": true
          }
        ]
      }
    }
  },
  {
    "type": "match_expression",
    "named": true,
    "fields": {
      "body": {
        "multiple": false,
        "required": true,
        "types": [
          {
            "type": "case_block",
            "named": true
          }
        ]
      },
      "value": {
        "multiple": false,
        "required": true,
        "types": [
          {
            "type": "_expression",
            "named": true
          }
        ]
      }
    }
  },
  {
    "type": "modifiers",
    "named": true,
    "fields": {},
    "children": {
      "multiple": true,
      "required": false,
      "types": [
        {
          "type": "access_modifier",
          "named": true
        },
        {
          "type": "local_modifier",
          "named": true
        }
      ]
    }
  },
  {
    "type": "number",
    "named": true,
    "fields": {}
  },
  {
    "type": "object_definition",
    "named": true,
    "fields": {
      "body": {
        "multiple": false,
        "required": false,
        "types": [
          {
            "type": "template_body",
            "named": true
          }
        ]
      },
      "extend": {
        "multiple": false,
        "required": false,
        "types": [
          {
            "type": "extends_clause",
            "named": true
          }
        ]
      },
      "name": {
        "multiple": false,
        "required": true,
        "types": [
          {
            "type": "identifier",
            "named": true
          }
        ]
      }
    },
    "children": {
      "multiple": true,
      "required": false,
      "types": [
        {
          "type": "annotation",
          "named": true
        },
        {
          "type": "modifiers",
          "named": true
        }
      ]
    }
  },
  {
    "type": "package_clause",
    "named": true,
    "fields": {
      "body": {
        "multiple": false,
        "required": false,
        "types": [
          {
            "type": "template_body",
            "named": true
          }
        ]
      },
      "name": {
        "multiple": false,
        "required": true,
        "types": [
          {
            "type": "package_identifier",
            "named": true
          }
        ]
      }
    }
  },
  {
    "type": "package_identifier",
    "named": true,
    "fields": {},
    "children": {
      "multiple": true,
      "required": true,
      "types": [
        {
          "type": "identifier",
          "named": true
        }
      ]
    }
  },
  {
    "type": "package_object",
    "named": true,
    "fields": {
      "body": {
        "multiple": false,
        "required": false,
        "types": [
          {
            "type": "template_body",
            "named": true
          }
        ]
      },
      "extend": {
        "multiple": false,
        "required": false,
        "types": [
          {
            "type": "extends_clause",
            "named": true
          }
        ]
      },
      "name": {
        "multiple": false,
        "required": true,
        "types": [
          {
            "type": "identifier",
            "named": true
          }
        ]
      }
    }
  },
  {
    "type": "parameter",
    "named": true,
    "fields": {
      "default_value": {
        "multiple": false,
        "required": false,
        "types": [
          {
            "type": "_expression",
            "named": true
          }
        ]
      },
      "name": {
        "multiple": false,
        "required": true,
        "types": [
          {
            "type": "identifier",
            "named": true
          }
        ]
      },
      "type": {
        "multiple": true,
        "required": false,
        "types": [
          {
            "type": "annotation",
            "named": true
          },
          {
            "type": "compound_type",
            "named": true
          },
          {
            "type": "function_type",
            "named": true
          },
          {
            "type": "generic_type",
            "named": true
          },
          {
            "type": "infix_type",
            "named": true
          },
          {
            "type": "lazy_parameter_type",
            "named": true
          },
          {
            "type": "projected_type",
            "named": true
          },
          {
            "type": "repeated_parameter_type",
            "named": true
          },
          {
            "type": "stable_type_identifier",
            "named": true
          },
          {
            "type": "tuple_type",
            "named": true
          },
          {
            "type": "type_identifier",
            "named": true
          }
        ]
      }
    },
    "children": {
      "multiple": true,
      "required": false,
      "types": [
        {
          "type": "annotation",
          "named": true
        }
      ]
    }
  },
  {
    "type": "parameter_types",
    "named": true,
    "fields": {},
    "children": {
      "multiple": true,
      "required": false,
      "types": [
        {
          "type": "annotation",
          "named": true
        },
        {
          "type": "compound_type",
          "named": true
        },
        {
          "type": "function_type",
          "named": true
        },
        {
          "type": "generic_type",
          "named": true
        },
        {
          "type": "infix_type",
          "named": true
        },
        {
          "type": "lazy_parameter_type",
          "named": true
        },
        {
          "type": "projected_type",
          "named": true
        },
        {
          "type": "repeated_parameter_type",
          "named": true
        },
        {
          "type": "stable_type_identifier",
          "named": true
        },
        {
          "type": "tuple_type",
          "named": true
        },
        {
          "type": "type_identifier",
          "named": true
        }
      ]
    }
  },
  {
    "type": "parameters",
    "named": true,
    "fields": {},
    "children": {
      "multiple": true,
      "required": false,
      "types": [
        {
          "type": "parameter",
          "named": true
        }
      ]
    }
  },
  {
    "type": "parenthesized_expression",
    "named": true,
    "fields": {},
    "children": {
      "multiple": false,
      "required": true,
      "types": [
        {
          "type": "_expression",
          "named": true
        }
      ]
    }
  },
  {
    "type": "prefix_expression",
    "named": true,
    "fields": {},
    "children": {
      "multiple": false,
      "required": true,
      "types": [
        {
          "type": "block",
          "named": true
        },
        {
          "type": "boolean_literal",
          "named": true
        },
        {
          "type": "case_block",
          "named": true
        },
        {
          "type": "character_literal",
          "named": true
        },
        {
          "type": "field_expression",
          "named": true
        },
        {
          "type": "identifier",
          "named": true
        },
        {
          "type": "instance_expression",
          "named": true
        },
        {
          "type": "interpolated_string_expression",
          "named": true
        },
        {
          "type": "number",
          "named": true
        },
        {
          "type": "parenthesized_expression",
          "named": true
        },
        {
          "type": "prefix_expression",
          "named": true
        },
        {
          "type": "string",
          "named": true
        },
        {
          "type": "symbol_literal",
          "named": true
        },
        {
          "type": "tuple_expression",
          "named": true
        }
      ]
    }
  },
  {
    "type": "projected_type",
    "named": true,
    "fields": {
      "selector": {
        "multiple": false,
        "required": true,
        "types": [
          {
            "type": "type_identifier",
            "named": true
          }
        ]
      },
      "type": {
        "multiple": false,
        "required": true,
        "types": [
          {
            "type": "generic_type",
            "named": true
          },
          {
            "type": "projected_type",
            "named": true
          },
          {
            "type": "stable_type_identifier",
            "named": true
          },
          {
            "type": "tuple_type",
            "named": true
          },
          {
            "type": "type_identifier",
            "named": true
          }
        ]
      }
    }
  },
  {
    "type": "renamed_identifier",
    "named": true,
    "fields": {
      "alias": {
        "multiple": false,
        "required": true,
        "types": [
          {
            "type": "identifier",
            "named": true
          },
          {
            "type": "wildcard",
            "named": true
          }
        ]
      },
      "name": {
        "multiple": false,
        "required": true,
        "types": [
          {
            "type": "identifier",
            "named": true
          }
        ]
      }
    }
  },
  {
    "type": "repeated_parameter_type",
    "named": true,
    "fields": {
      "type": {
        "multiple": true,
        "required": true,
        "types": [
          {
            "type": "annotation",
            "named": true
          },
          {
            "type": "compound_type",
            "named": true
          },
          {
            "type": "function_type",
            "named": true
          },
          {
            "type": "generic_type",
            "named": true
          },
          {
            "type": "infix_type",
            "named": true
          },
          {
            "type": "projected_type",
            "named": true
          },
          {
            "type": "stable_type_identifier",
            "named": true
          },
          {
            "type": "tuple_type",
            "named": true
          },
          {
            "type": "type_identifier",
            "named": true
          }
        ]
      }
    }
  },
  {
    "type": "stable_identifier",
    "named": true,
    "fields": {},
    "children": {
      "multiple": true,
      "required": true,
      "types": [
        {
          "type": "identifier",
          "named": true
        },
        {
          "type": "stable_identifier",
          "named": true
        }
      ]
    }
  },
  {
    "type": "stable_type_identifier",
    "named": true,
    "fields": {},
    "children": {
      "multiple": true,
      "required": true,
      "types": [
        {
          "type": "identifier",
          "named": true
        },
        {
          "type": "stable_identifier",
          "named": true
        },
        {
          "type": "type_identifier",
          "named": true
        }
      ]
    }
  },
  {
    "type": "string",
    "named": true,
    "fields": {}
  },
  {
    "type": "template_body",
    "named": true,
    "fields": {},
    "children": {
      "multiple": true,
      "required": false,
      "types": [
        {
          "type": "_definition",
          "named": true
        },
        {
          "type": "_expression",
          "named": true
        }
      ]
    }
  },
  {
    "type": "trait_definition",
    "named": true,
    "fields": {
      "body": {
        "multiple": false,
        "required": false,
        "types": [
          {
            "type": "template_body",
            "named": true
          }
        ]
      },
      "extend": {
        "multiple": false,
        "required": false,
        "types": [
          {
            "type": "extends_clause",
            "named": true
          }
        ]
      },
      "name": {
        "multiple": false,
        "required": true,
        "types": [
          {
            "type": "identifier",
            "named": true
          }
        ]
      },
      "type_parameters": {
        "multiple": false,
        "required": false,
        "types": [
          {
            "type": "type_parameters",
            "named": true
          }
        ]
      }
    }
  },
  {
    "type": "try_expression",
    "named": true,
    "fields": {
      "body": {
        "multiple": false,
        "required": true,
        "types": [
          {
            "type": "_expression",
            "named": true
          }
        ]
      }
    },
    "children": {
      "multiple": true,
      "required": false,
      "types": [
        {
          "type": "catch_clause",
          "named": true
        },
        {
          "type": "finally_clause",
          "named": true
        }
      ]
    }
  },
  {
    "type": "tuple_expression",
    "named": true,
    "fields": {},
    "children": {
      "multiple": true,
      "required": true,
      "types": [
        {
          "type": "_expression",
          "named": true
        }
      ]
    }
  },
  {
    "type": "tuple_pattern",
    "named": true,
    "fields": {},
    "children": {
      "multiple": true,
      "required": true,
      "types": [
        {
          "type": "_pattern",
          "named": true
        }
      ]
    }
  },
  {
    "type": "tuple_type",
    "named": true,
    "fields": {},
    "children": {
      "multiple": true,
      "required": false,
      "types": [
        {
          "type": "annotation",
          "named": true
        },
        {
          "type": "compound_type",
          "named": true
        },
        {
          "type": "function_type",
          "named": true
        },
        {
          "type": "generic_type",
          "named": true
        },
        {
          "type": "infix_type",
          "named": true
        },
        {
          "type": "projected_type",
          "named": true
        },
        {
          "type": "stable_type_identifier",
          "named": true
        },
        {
          "type": "tuple_type",
          "named": true
        },
        {
          "type": "type_identifier",
          "named": true
        }
      ]
    }
  },
  {
    "type": "type_arguments",
    "named": true,
    "fields": {},
    "children": {
      "multiple": true,
      "required": false,
      "types": [
        {
          "type": "annotation",
          "named": true
        },
        {
          "type": "compound_type",
          "named": true
        },
        {
          "type": "function_type",
          "named": true
        },
        {
          "type": "generic_type",
          "named": true
        },
        {
          "type": "infix_type",
          "named": true
        },
        {
          "type": "projected_type",
          "named": true
        },
        {
          "type": "stable_type_identifier",
          "named": true
        },
        {
          "type": "tuple_type",
          "named": true
        },
        {
          "type": "type_identifier",
          "named": true
        }
      ]
    }
  },
  {
    "type": "type_definition",
    "named": true,
    "fields": {
      "name": {
        "multiple": false,
        "required": true,
        "types": [
          {
            "type": "type_identifier",
            "named": true
          }
        ]
      },
      "type": {
        "multiple": true,
        "required": true,
        "types": [
          {
            "type": "annotation",
            "named": true
          },
          {
            "type": "compound_type",
            "named": true
          },
          {
            "type": "function_type",
            "named": true
          },
          {
            "type": "generic_type",
            "named": true
          },
          {
            "type": "infix_type",
            "named": true
          },
          {
            "type": "projected_type",
            "named": true
          },
          {
            "type": "stable_type_identifier",
            "named": true
          },
          {
            "type": "tuple_type",
            "named": true
          },
          {
            "type": "type_identifier",
            "named": true
          }
        ]
      },
      "type_parameters": {
        "multiple": false,
        "required": false,
        "types": [
          {
            "type": "type_parameters",
            "named": true
          }
        ]
      }
    },
    "children": {
      "multiple": true,
      "required": false,
      "types": [
        {
          "type": "annotation",
          "named": true
        },
        {
          "type": "modifiers",
          "named": true
        }
      ]
    }
  },
  {
    "type": "type_parameters",
    "named": true,
    "fields": {
      "bound": {
        "multiple": true,
        "required": false,
        "types": [
          {
            "type": "context_bound",
            "named": true
          },
          {
            "type": "lower_bound",
            "named": true
          },
          {
            "type": "upper_bound",
            "named": true
          },
          {
            "type": "view_bound",
            "named": true
          }
        ]
      },
      "name": {
        "multiple": true,
        "required": false,
        "types": [
          {
            "type": "identifier",
            "named": true
          },
          {
            "type": "wildcard",
            "named": true
          }
        ]
      },
      "type_parameters": {
        "multiple": true,
        "required": false,
        "types": [
          {
            "type": "type_parameters",
            "named": true
          }
        ]
      }
    },
    "children": {
      "multiple": true,
      "required": false,
      "types": [
        {
          "type": "annotation",
          "named": true
        },
        {
          "type": "contravariant_type_parameter",
          "named": true
        },
        {
          "type": "covariant_type_parameter",
          "named": true
        }
      ]
    }
  },
  {
    "type": "typed_pattern",
    "named": true,
    "fields": {
      "pattern": {
        "multiple": false,
        "required": true,
        "types": [
          {
            "type": "_pattern",
            "named": true
          }
        ]
      },
      "type": {
        "multiple": true,
        "required": true,
        "types": [
          {
            "type": "annotation",
            "named": true
          },
          {
            "type": "compound_type",
            "named": true
          },
          {
            "type": "function_type",
            "named": true
          },
          {
            "type": "generic_type",
            "named": true
          },
          {
            "type": "infix_type",
            "named": true
          },
          {
            "type": "projected_type",
            "named": true
          },
          {
            "type": "stable_type_identifier",
            "named": true
          },
          {
            "type": "tuple_type",
            "named": true
          },
          {
            "type": "type_identifier",
            "named": true
          }
        ]
      }
    }
  },
  {
    "type": "upper_bound",
    "named": true,
    "fields": {
      "type": {
        "multiple": true,
        "required": true,
        "types": [
          {
            "type": "annotation",
            "named": true
          },
          {
            "type": "compound_type",
            "named": true
          },
          {
            "type": "function_type",
            "named": true
          },
          {
            "type": "generic_type",
            "named": true
          },
          {
            "type": "infix_type",
            "named": true
          },
          {
            "type": "projected_type",
            "named": true
          },
          {
            "type": "stable_type_identifier",
            "named": true
          },
          {
            "type": "tuple_type",
            "named": true
          },
          {
            "type": "type_identifier",
            "named": true
          }
        ]
      }
    }
  },
  {
    "type": "val_declaration",
    "named": true,
    "fields": {
      "name": {
        "multiple": true,
        "required": true,
        "types": [
          {
            "type": "identifier",
            "named": true
          }
        ]
      },
      "type": {
        "multiple": true,
        "required": true,
        "types": [
          {
            "type": "annotation",
            "named": true
          },
          {
            "type": "compound_type",
            "named": true
          },
          {
            "type": "function_type",
            "named": true
          },
          {
            "type": "generic_type",
            "named": true
          },
          {
            "type": "infix_type",
            "named": true
          },
          {
            "type": "projected_type",
            "named": true
          },
          {
            "type": "stable_type_identifier",
            "named": true
          },
          {
            "type": "tuple_type",
            "named": true
          },
          {
            "type": "type_identifier",
            "named": true
          }
        ]
      }
    },
    "children": {
      "multiple": true,
      "required": false,
      "types": [
        {
          "type": "annotation",
          "named": true
        },
        {
          "type": "modifiers",
          "named": true
        }
      ]
    }
  },
  {
    "type": "val_definition",
    "named": true,
    "fields": {
      "pattern": {
        "multiple": false,
        "required": true,
        "types": [
          {
            "type": "_pattern",
            "named": true
          }
        ]
      },
      "type": {
        "multiple": true,
        "required": false,
        "types": [
          {
            "type": "annotation",
            "named": true
          },
          {
            "type": "compound_type",
            "named": true
          },
          {
            "type": "function_type",
            "named": true
          },
          {
            "type": "generic_type",
            "named": true
          },
          {
            "type": "infix_type",
            "named": true
          },
          {
            "type": "projected_type",
            "named": true
          },
          {
            "type": "stable_type_identifier",
            "named": true
          },
          {
            "type": "tuple_type",
            "named": true
          },
          {
            "type": "type_identifier",
            "named": true
          }
        ]
      },
      "value": {
        "multiple": false,
        "required": true,
        "types": [
          {
            "type": "_expression",
            "named": true
          }
        ]
      }
    },
    "children": {
      "multiple": true,
      "required": false,
      "types": [
        {
          "type": "annotation",
          "named": true
        },
        {
          "type": "modifiers",
          "named": true
        }
      ]
    }
  },
  {
    "type": "var_declaration",
    "named": true,
    "fields": {
      "name": {
        "multiple": true,
        "required": true,
        "types": [
          {
            "type": "identifier",
            "named": true
          }
        ]
      },
      "type": {
        "multiple": true,
        "required": true,
        "types": [
          {
            "type": "annotation",
            "named": true
          },
          {
            "type": "compound_type",
            "named": true
          },
          {
            "type": "function_type",
            "named": true
          },
          {
            "type": "generic_type",
            "named": true
          },
          {
            "type": "infix_type",
            "named": true
          },
          {
            "type": "projected_type",
            "named": true
          },
          {
            "type": "stable_type_identifier",
            "named": true
          },
          {
            "type": "tuple_type",
            "named": true
          },
          {
            "type": "type_identifier",
            "named": true
          }
        ]
      }
    },
    "children": {
      "multiple": true,
      "required": false,
      "types": [
        {
          "type": "annotation",
          "named": true
        },
        {
          "type": "modifiers",
          "named": true
        }
      ]
    }
  },
  {
    "type": "var_definition",
    "named": true,
    "fields": {
      "pattern": {
        "multiple": false,
        "required": true,
        "types": [
          {
            "type": "_pattern",
            "named": true
          }
        ]
      },
      "type": {
        "multiple": true,
        "required": false,
        "types": [
          {
            "type": "annotation",
            "named": true
          },
          {
            "type": "compound_type",
            "named": true
          },
          {
            "type": "function_type",
            "named": true
          },
          {
            "type": "generic_type",
            "named": true
          },
          {
            "type": "infix_type",
            "named": true
          },
          {
            "type": "projected_type",
            "named": true
          },
          {
            "type": "stable_type_identifier",
            "named": true
          },
          {
            "type": "tuple_type",
            "named": true
          },
          {
            "type": "type_identifier",
            "named": true
          }
        ]
      },
      "value": {
        "multiple": false,
        "required": true,
        "types": [
          {
            "type": "_expression",
            "named": true
          }
        ]
      }
    },
    "children": {
      "multiple": true,
      "required": false,
      "types": [
        {
          "type": "annotation",
          "named": true
        },
        {
          "type": "modifiers",
          "named": true
        }
      ]
    }
  },
  {
    "type": "view_bound",
    "named": true,
    "fields": {
      "type": {
        "multiple": true,
        "required": true,
        "types": [
          {
            "type": "annotation",
            "named": true
          },
          {
            "type": "compound_type",
            "named": true
          },
          {
            "type": "function_type",
            "named": true
          },
          {
            "type": "generic_type",
            "named": true
          },
          {
            "type": "infix_type",
            "named": true
          },
          {
            "type": "projected_type",
            "named": true
          },
          {
            "type": "stable_type_identifier",
            "named": true
          },
          {
            "type": "tuple_type",
            "named": true
          },
          {
            "type": "type_identifier",
            "named": true
          }
        ]
      }
    }
  },
  {
    "type": "\n",
    "named": false
  },
  {
    "type": "!",
    "named": false
  },
  {
    "type": "#",
    "named": false
  },
  {
    "type": "$",
    "named": false
  },
  {
    "type": "(",
    "named": false
  },
  {
    "type": ")",
    "named": false
  },
  {
    "type": "*",
    "named": false
  },
  {
    "type": "+",
    "named": false
  },
  {
    "type": ",",
    "named": false
  },
  {
    "type": "-",
    "named": false
  },
  {
    "type": ".",
    "named": false
  },
  {
    "type": ":",
    "named": false
  },
  {
    "type": ";",
    "named": false
  },
  {
    "type": "<%",
    "named": false
  },
  {
    "type": "<-",
    "named": false
  },
  {
    "type": "<:",
    "named": false
  },
  {
    "type": "=",
    "named": false
  },
  {
    "type": "=>",
    "named": false
  },
  {
    "type": ">:",
    "named": false
  },
  {
    "type": "@",
    "named": false
  },
  {
    "type": "[",
    "named": false
  },
  {
    "type": "]",
    "named": false
  },
  {
    "type": "abstract",
    "named": false
  },
  {
    "type": "case",
    "named": false
  },
  {
    "type": "catch",
    "named": false
  },
  {
    "type": "character_literal",
    "named": true
  },
  {
    "type": "class",
    "named": false
  },
  {
    "type": "comment",
    "named": true
  },
  {
    "type": "def",
    "named": false
  },
  {
    "type": "else",
    "named": false
  },
  {
    "type": "extends",
    "named": false
  },
  {
    "type": "false",
    "named": false
  },
  {
    "type": "final",
    "named": false
  },
  {
    "type": "finally",
    "named": false
  },
  {
    "type": "for",
    "named": false
  },
  {
    "type": "identifier",
    "named": true
  },
  {
    "type": "if",
    "named": false
  },
  {
    "type": "implicit",
    "named": false
  },
  {
    "type": "import",
    "named": false
  },
  {
    "type": "lazy",
    "named": false
  },
  {
    "type": "match",
    "named": false
  },
  {
    "type": "new",
    "named": false
  },
  {
    "type": "object",
    "named": false
  },
  {
    "type": "override",
    "named": false
  },
  {
    "type": "package",
    "named": false
  },
  {
    "type": "private",
    "named": false
  },
  {
    "type": "protected",
    "named": false
  },
  {
    "type": "sealed",
    "named": false
  },
  {
    "type": "symbol_literal",
    "named": true
  },
  {
    "type": "this",
    "named": false
  },
  {
    "type": "trait",
    "named": false
  },
  {
    "type": "true",
    "named": false
  },
  {
    "type": "try",
    "named": false
  },
  {
    "type": "type",
    "named": false
  },
  {
    "type": "type_identifier",
    "named": true
  },
  {
    "type": "val",
    "named": false
  },
  {
    "type": "var",
    "named": false
  },
  {
    "type": "wildcard",
    "named": true
  },
  {
    "type": "with",
    "named": false
  },
  {
    "type": "yield",
    "named": false
  },
  {
    "type": "{",
    "named": false
  },
  {
    "type": "|",
    "named": false
  },
  {
    "type": "}",
    "named": false
  },
  {
    "type": "~",
    "named": false
  }
]