{
  "name": "lua",
  "rules": {
    "SourceFile": {
      "type": "REPEAT",
      "content": {
        "type": "SYMBOL",
        "name": "_stat"
      }
    },
    "_chunk": {
      "type": "SEQ",
      "members": [
        {
          "type": "REPEAT1",
          "content": {
            "type": "SEQ",
            "members": [
              {
                "type": "SYMBOL",
                "name": "_stat"
              },
              {
                "type": "CHOICE",
                "members": [
                  {
                    "type": "STRING",
                    "value": ";"
                  },
                  {
                    "type": "BLANK"
                  }
                ]
              }
            ]
          }
        },
        {
          "type": "CHOICE",
          "members": [
            {
              "type": "SEQ",
              "members": [
                {
                  "type": "SYMBOL",
                  "name": "_laststat"
                },
                {
                  "type": "CHOICE",
                  "members": [
                    {
                      "type": "STRING",
                      "value": ";"
                    },
                    {
                      "type": "BLANK"
                    }
                  ]
                }
              ]
            },
            {
              "type": "BLANK"
            }
          ]
        }
      ]
    },
    "_block": {
      "type": "SYMBOL",
      "name": "_chunk"
    },
    "_stat": {
      "type": "CHOICE",
      "members": [
        {
          "type": "SEQ",
          "members": [
            {
              "type": "SYMBOL",
              "name": "_varlist"
            },
            {
              "type": "STRING",
              "value": "="
            },
            {
              "type": "SYMBOL",
              "name": "_explist"
            }
          ]
        },
        {
          "type": "SYMBOL",
          "name": "_functioncall"
        },
        {
          "type": "SEQ",
          "members": [
            {
              "type": "STRING",
              "value": "do"
            },
            {
              "type": "SYMBOL",
              "name": "_block"
            },
            {
              "type": "STRING",
              "value": "end"
            }
          ]
        },
        {
          "type": "SEQ",
          "members": [
            {
              "type": "STRING",
              "value": "while"
            },
            {
              "type": "SYMBOL",
              "name": "_exp"
            },
            {
              "type": "STRING",
              "value": "do"
            },
            {
              "type": "SYMBOL",
              "name": "_block"
            },
            {
              "type": "STRING",
              "value": "end"
            }
          ]
        },
        {
          "type": "SEQ",
          "members": [
            {
              "type": "STRING",
              "value": "repeat"
            },
            {
              "type": "SYMBOL",
              "name": "_block"
            },
            {
              "type": "STRING",
              "value": "until"
            },
            {
              "type": "SYMBOL",
              "name": "_exp"
            }
          ]
        },
        {
          "type": "SEQ",
          "members": [
            {
              "type": "STRING",
              "value": "if"
            },
            {
              "type": "SYMBOL",
              "name": "_exp"
            },
            {
              "type": "STRING",
              "value": "then"
            },
            {
              "type": "SYMBOL",
              "name": "_block"
            },
            {
              "type": "REPEAT",
              "content": {
                "type": "SEQ",
                "members": [
                  {
                    "type": "STRING",
                    "value": "elseif"
                  },
                  {
                    "type": "SYMBOL",
                    "name": "_exp"
                  },
                  {
                    "type": "STRING",
                    "value": "then"
                  },
                  {
                    "type": "SYMBOL",
                    "name": "_block"
                  }
                ]
              }
            },
            {
              "type": "CHOICE",
              "members": [
                {
                  "type": "SEQ",
                  "members": [
                    {
                      "type": "STRING",
                      "value": "else"
                    },
                    {
                      "type": "SYMBOL",
                      "name": "_block"
                    }
                  ]
                },
                {
                  "type": "BLANK"
                }
              ]
            },
            {
              "type": "STRING",
              "value": "end"
            }
          ]
        },
        {
          "type": "SEQ",
          "members": [
            {
              "type": "STRING",
              "value": "for"
            },
            {
              "type": "SYMBOL",
              "name": "Name"
            },
            {
              "type": "STRING",
              "value": "="
            },
            {
              "type": "SYMBOL",
              "name": "_exp"
            },
            {
              "type": "STRING",
              "value": ","
            },
            {
              "type": "SYMBOL",
              "name": "_exp"
            },
            {
              "type": "CHOICE",
              "members": [
                {
                  "type": "SEQ",
                  "members": [
                    {
                      "type": "STRING",
                      "value": ","
                    },
                    {
                      "type": "SYMBOL",
                      "name": "_exp"
                    }
                  ]
                },
                {
                  "type": "BLANK"
                }
              ]
            },
            {
              "type": "STRING",
              "value": "do"
            },
            {
              "type": "SYMBOL",
              "name": "_block"
            },
            {
              "type": "STRING",
              "value": "end"
            }
          ]
        },
        {
          "type": "SEQ",
          "members": [
            {
              "type": "STRING",
              "value": "for"
            },
            {
              "type": "SYMBOL",
              "name": "_namelist"
            },
            {
              "type": "STRING",
              "value": "in"
            },
            {
              "type": "SYMBOL",
              "name": "_explist"
            },
            {
              "type": "STRING",
              "value": "do"
            },
            {
              "type": "SYMBOL",
              "name": "_block"
            },
            {
              "type": "STRING",
              "value": "end"
            }
          ]
        },
        {
          "type": "SEQ",
          "members": [
            {
              "type": "STRING",
              "value": "function"
            },
            {
              "type": "SYMBOL",
              "name": "_funcname"
            },
            {
              "type": "SYMBOL",
              "name": "_funcbody"
            }
          ]
        },
        {
          "type": "SEQ",
          "members": [
            {
              "type": "STRING",
              "value": "local function"
            },
            {
              "type": "SYMBOL",
              "name": "Name"
            },
            {
              "type": "SYMBOL",
              "name": "_funcbody"
            }
          ]
        },
        {
          "type": "SEQ",
          "members": [
            {
              "type": "STRING",
              "value": "local"
            },
            {
              "type": "SYMBOL",
              "name": "_namelist"
            },
            {
              "type": "CHOICE",
              "members": [
                {
                  "type": "SEQ",
                  "members": [
                    {
                      "type": "STRING",
                      "value": "="
                    },
                    {
                      "type": "SYMBOL",
                      "name": "_explist"
                    }
                  ]
                },
                {
                  "type": "BLANK"
                }
              ]
            }
          ]
        }
      ]
    },
    "_laststat": {
      "type": "CHOICE",
      "members": [
        {
          "type": "SEQ",
          "members": [
            {
              "type": "STRING",
              "value": "return"
            },
            {
              "type": "CHOICE",
              "members": [
                {
                  "type": "SYMBOL",
                  "name": "_explist"
                },
                {
                  "type": "BLANK"
                }
              ]
            }
          ]
        },
        {
          "type": "STRING",
          "value": "break"
        }
      ]
    },
    "_funcname": {
      "type": "SEQ",
      "members": [
        {
          "type": "SYMBOL",
          "name": "Name"
        },
        {
          "type": "REPEAT",
          "content": {
            "type": "SEQ",
            "members": [
              {
                "type": "STRING",
                "value": "."
              },
              {
                "type": "SYMBOL",
                "name": "Name"
              }
            ]
          }
        },
        {
          "type": "CHOICE",
          "members": [
            {
              "type": "SEQ",
              "members": [
                {
                  "type": "STRING",
                  "value": ":"
                },
                {
                  "type": "SYMBOL",
                  "name": "Name"
                }
              ]
            },
            {
              "type": "BLANK"
            }
          ]
        }
      ]
    },
    "_varlist": {
      "type": "SEQ",
      "members": [
        {
          "type": "STRING",
          "value": "var"
        },
        {
          "type": "REPEAT",
          "content": {
            "type": "SEQ",
            "members": [
              {
                "type": "STRING",
                "value": ","
              },
              {
                "type": "SYMBOL",
                "name": "_var"
              }
            ]
          }
        }
      ]
    },
    "_var": {
      "type": "CHOICE",
      "members": [
        {
          "type": "SYMBOL",
          "name": "Name"
        },
        {
          "type": "SEQ",
          "members": [
            {
              "type": "SYMBOL",
              "name": "_prefixexp"
            },
            {
              "type": "STRING",
              "value": "("
            },
            {
              "type": "SYMBOL",
              "name": "_exp"
            },
            {
              "type": "STRING",
              "value": ")?"
            }
          ]
        },
        {
          "type": "SEQ",
          "members": [
            {
              "type": "SYMBOL",
              "name": "_prefixexp"
            },
            {
              "type": "STRING",
              "value": "."
            },
            {
              "type": "SYMBOL",
              "name": "Name"
            }
          ]
        }
      ]
    },
    "_namelist": {
      "type": "SEQ",
      "members": [
        {
          "type": "SYMBOL",
          "name": "Name"
        },
        {
          "type": "REPEAT",
          "content": {
            "type": "SEQ",
            "members": [
              {
                "type": "STRING",
                "value": ","
              },
              {
                "type": "SYMBOL",
                "name": "Name"
              }
            ]
          }
        }
      ]
    },
    "_explist": {
      "type": "SEQ",
      "members": [
        {
          "type": "REPEAT",
          "content": {
            "type": "SEQ",
            "members": [
              {
                "type": "SYMBOL",
                "name": "_exp"
              },
              {
                "type": "STRING",
                "value": ","
              }
            ]
          }
        },
        {
          "type": "SYMBOL",
          "name": "_exp"
        }
      ]
    },
    "_exp": {
      "type": "CHOICE",
      "members": [
        {
          "type": "STRING",
          "value": "nil"
        },
        {
          "type": "STRING",
          "value": "false"
        },
        {
          "type": "STRING",
          "value": "true"
        },
        {
          "type": "SYMBOL",
          "name": "Number"
        },
        {
          "type": "SYMBOL",
          "name": "String"
        },
        {
          "type": "STRING",
          "value": "..."
        },
        {
          "type": "SYMBOL",
          "name": "_function"
        },
        {
          "type": "SYMBOL",
          "name": "_prefixexp"
        },
        {
          "type": "SYMBOL",
          "name": "_tableconstructor"
        },
        {
          "type": "SEQ",
          "members": [
            {
              "type": "SYMBOL",
              "name": "_exp"
            },
            {
              "type": "SYMBOL",
              "name": "_binop"
            },
            {
              "type": "SYMBOL",
              "name": "_exp"
            }
          ]
        },
        {
          "type": "SEQ",
          "members": [
            {
              "type": "SYMBOL",
              "name": "_unop"
            },
            {
              "type": "SYMBOL",
              "name": "_exp"
            }
          ]
        }
      ]
    },
    "_prefixexp": {
      "type": "CHOICE",
      "members": [
        {
          "type": "STRING",
          "value": "var"
        },
        {
          "type": "SYMBOL",
          "name": "_functioncall"
        },
        {
          "type": "SEQ",
          "members": [
            {
              "type": "STRING",
              "value": "("
            },
            {
              "type": "SYMBOL",
              "name": "_exp"
            },
            {
              "type": "STRING",
              "value": ")"
            }
          ]
        }
      ]
    },
    "_functioncall": {
      "type": "CHOICE",
      "members": [
        {
          "type": "SEQ",
          "members": [
            {
              "type": "SYMBOL",
              "name": "_prefixexp"
            },
            {
              "type": "SYMBOL",
              "name": "_args"
            }
          ]
        },
        {
          "type": "SEQ",
          "members": [
            {
              "type": "SYMBOL",
              "name": "_prefixexp"
            },
            {
              "type": "STRING",
              "value": ":"
            },
            {
              "type": "SYMBOL",
              "name": "Name"
            },
            {
              "type": "SYMBOL",
              "name": "_args"
            }
          ]
        }
      ]
    },
    "_args": {
      "type": "CHOICE",
      "members": [
        {
          "type": "SEQ",
          "members": [
            {
              "type": "STRING",
              "value": "("
            },
            {
              "type": "CHOICE",
              "members": [
                {
                  "type": "SYMBOL",
                  "name": "_explist"
                },
                {
                  "type": "BLANK"
                }
              ]
            },
            {
              "type": "STRING",
              "value": ")"
            }
          ]
        },
        {
          "type": "SYMBOL",
          "name": "_tableconstructor"
        },
        {
          "type": "SYMBOL",
          "name": "String"
        }
      ]
    },
    "_function": {
      "type": "SEQ",
      "members": [
        {
          "type": "STRING",
          "value": "function"
        },
        {
          "type": "SYMBOL",
          "name": "_funcbody"
        }
      ]
    },
    "_funcbody": {
      "type": "SEQ",
      "members": [
        {
          "type": "STRING",
          "value": "("
        },
        {
          "type": "CHOICE",
          "members": [
            {
              "type": "SYMBOL",
              "name": "_parlist"
            },
            {
              "type": "BLANK"
            }
          ]
        },
        {
          "type": "STRING",
          "value": ")"
        },
        {
          "type": "SYMBOL",
          "name": "_block"
        },
        {
          "type": "STRING",
          "value": "end"
        }
      ]
    },
    "_parlist": {
      "type": "CHOICE",
      "members": [
        {
          "type": "SEQ",
          "members": [
            {
              "type": "SYMBOL",
              "name": "_namelist"
            },
            {
              "type": "CHOICE",
              "members": [
                {
                  "type": "SEQ",
                  "members": [
                    {
                      "type": "STRING",
                      "value": ","
                    },
                    {
                      "type": "STRING",
                      "value": "..."
                    }
                  ]
                },
                {
                  "type": "BLANK"
                }
              ]
            }
          ]
        },
        {
          "type": "STRING",
          "value": "..."
        }
      ]
    },
    "_tableconstructor": {
      "type": "SEQ",
      "members": [
        {
          "type": "STRING",
          "value": "{"
        },
        {
          "type": "CHOICE",
          "members": [
            {
              "type": "SYMBOL",
              "name": "_fieldlist"
            },
            {
              "type": "BLANK"
            }
          ]
        },
        {
          "type": "STRING",
          "value": "}"
        }
      ]
    },
    "_fieldlist": {
      "type": "SEQ",
      "members": [
        {
          "type": "SYMBOL",
          "name": "_field"
        },
        {
          "type": "REPEAT",
          "content": {
            "type": "SEQ",
            "members": [
              {
                "type": "SYMBOL",
                "name": "_fieldsep"
              },
              {
                "type": "SYMBOL",
                "name": "_field"
              }
            ]
          }
        },
        {
          "type": "CHOICE",
          "members": [
            {
              "type": "SYMBOL",
              "name": "_fieldsep"
            },
            {
              "type": "BLANK"
            }
          ]
        }
      ]
    },
    "_field": {
      "type": "CHOICE",
      "members": [
        {
          "type": "SEQ",
          "members": [
            {
              "type": "STRING",
              "value": "("
            },
            {
              "type": "SYMBOL",
              "name": "_exp"
            },
            {
              "type": "STRING",
              "value": ")?"
            },
            {
              "type": "STRING",
              "value": "="
            },
            {
              "type": "SYMBOL",
              "name": "_exp"
            }
          ]
        },
        {
          "type": "SEQ",
          "members": [
            {
              "type": "SYMBOL",
              "name": "Name"
            },
            {
              "type": "STRING",
              "value": "="
            },
            {
              "type": "SYMBOL",
              "name": "_exp"
            }
          ]
        },
        {
          "type": "SYMBOL",
          "name": "_exp"
        }
      ]
    },
    "_fieldsep": {
      "type": "CHOICE",
      "members": [
        {
          "type": "STRING",
          "value": ","
        },
        {
          "type": "STRING",
          "value": ";"
        }
      ]
    },
    "_binop": {
      "type": "CHOICE",
      "members": [
        {
          "type": "STRING",
          "value": "+"
        },
        {
          "type": "STRING",
          "value": "-"
        },
        {
          "type": "STRING",
          "value": "*"
        },
        {
          "type": "STRING",
          "value": "/"
        },
        {
          "type": "STRING",
          "value": "^"
        },
        {
          "type": "STRING",
          "value": "%"
        },
        {
          "type": "STRING",
          "value": ".."
        },
        {
          "type": "STRING",
          "value": "<"
        },
        {
          "type": "STRING",
          "value": "<="
        },
        {
          "type": "STRING",
          "value": ">"
        },
        {
          "type": "STRING",
          "value": ">="
        },
        {
          "type": "STRING",
          "value": "=="
        },
        {
          "type": "STRING",
          "value": "~="
        },
        {
          "type": "STRING",
          "value": "and"
        },
        {
          "type": "STRING",
          "value": "or"
        }
      ]
    },
    "_unop": {
      "type": "CHOICE",
      "members": [
        {
          "type": "STRING",
          "value": "-"
        },
        {
          "type": "STRING",
          "value": "not"
        },
        {
          "type": "STRING",
          "value": "#"
        }
      ]
    },
    "Name": {
      "type": "REPEAT1",
      "content": {
        "type": "PATTERN",
        "value": "[a-zA-Z_0-9]"
      }
    },
    "Number": {
      "type": "REPEAT1",
      "content": {
        "type": "PATTERN",
        "value": "[0-9]"
      }
    },
    "String": {
      "type": "CHOICE",
      "members": [
        {
          "type": "SEQ",
          "members": [
            {
              "type": "STRING",
              "value": "\""
            },
            {
              "type": "REPEAT",
              "content": {
                "type": "PATTERN",
                "value": "[^\"]"
              }
            },
            {
              "type": "STRING",
              "value": "\""
            }
          ]
        },
        {
          "type": "SEQ",
          "members": [
            {
              "type": "STRING",
              "value": "'"
            },
            {
              "type": "REPEAT",
              "content": {
                "type": "PATTERN",
                "value": "[^\"]"
              }
            },
            {
              "type": "STRING",
              "value": "'"
            }
          ]
        }
      ]
    }
  },
  "extras": [
    {
      "type": "PATTERN",
      "value": "\\s"
    }
  ],
  "conflicts": [],
  "precedences": [],
  "externals": [],
  "inline": [],
  "supertypes": []
}

